,0,1,2,3,4,5,6,7,8,9,10,11,12,13,14,15,16,17,18,19,20,21,22,23,24,25,26,27,28,29,30,31,32,33,34,35,36,37,38,39,40,41,42,43,44,45,46,47,48,49
ace_vaxinpad,0.8260869565217391,0.8333333333333334,0.7971014492753623,0.8248175182481752,0.7737226277372263,0.7898550724637681,0.8478260869565217,0.7391304347826086,0.8029197080291971,0.8321167883211679,0.8333333333333334,0.8333333333333334,0.782608695652174,0.8394160583941606,0.8102189781021898,0.782608695652174,0.7971014492753623,0.8478260869565217,0.8248175182481752,0.8029197080291971,0.782608695652174,0.7971014492753623,0.8333333333333334,0.8467153284671532,0.8175182481751825,0.8260869565217391,0.8260869565217391,0.7681159420289855,0.7956204379562044,0.7883211678832117,0.8623188405797102,0.8115942028985508,0.8333333333333334,0.8175182481751825,0.7956204379562044,0.7898550724637681,0.8115942028985508,0.8115942028985508,0.8394160583941606,0.8613138686131386,0.782608695652174,0.8043478260869565,0.8405797101449275,0.8102189781021898,0.8248175182481752,0.8188405797101449,0.8333333333333334,0.8188405797101449,0.7883211678832117,0.781021897810219
acp_anticp,0.8222222222222222,0.7444444444444445,0.7,0.7888888888888889,0.8,0.7666666666666667,0.8111111111111111,0.6666666666666666,0.7333333333333333,0.8,0.8555555555555555,0.7666666666666667,0.7111111111111111,0.7111111111111111,0.8,0.7222222222222222,0.8111111111111111,0.7777777777777778,0.7666666666666667,0.7666666666666667,0.8555555555555555,0.7111111111111111,0.7777777777777778,0.7777777777777778,0.7777777777777778,0.7111111111111111,0.7444444444444445,0.8444444444444444,0.7,0.7222222222222222,0.7888888888888889,0.7777777777777778,0.8,0.6888888888888889,0.7777777777777778,0.6777777777777778,0.7444444444444445,0.8111111111111111,0.7444444444444445,0.7222222222222222,0.7111111111111111,0.8111111111111111,0.7555555555555555,0.7777777777777778,0.7666666666666667,0.7,0.7444444444444445,0.7777777777777778,0.8222222222222222,0.7222222222222222
acp_iacp,0.782608695652174,0.8260869565217391,0.8405797101449275,0.782608695652174,0.7647058823529411,0.7101449275362319,0.855072463768116,0.782608695652174,0.7681159420289855,0.8676470588235294,0.7681159420289855,0.8840579710144928,0.7391304347826086,0.8405797101449275,0.75,0.8115942028985508,0.782608695652174,0.7681159420289855,0.8260869565217391,0.7352941176470589,0.8115942028985508,0.7536231884057971,0.782608695652174,0.855072463768116,0.7794117647058824,0.7971014492753623,0.7681159420289855,0.855072463768116,0.8405797101449275,0.8088235294117647,0.8405797101449275,0.782608695652174,0.7681159420289855,0.7971014492753623,0.8382352941176471,0.7971014492753623,0.7681159420289855,0.782608695652174,0.8115942028985508,0.8235294117647058,0.7536231884057971,0.7391304347826086,0.8405797101449275,0.7681159420289855,0.7794117647058824,0.782608695652174,0.8115942028985508,0.782608695652174,0.8115942028985508,0.8235294117647058
acp_mlacp,0.7948717948717948,0.7777777777777778,0.7692307692307693,0.7777777777777778,0.7606837606837606,0.7948717948717948,0.7606837606837606,0.8034188034188035,0.7435897435897436,0.7692307692307693,0.7521367521367521,0.7521367521367521,0.7777777777777778,0.7692307692307693,0.811965811965812,0.7094017094017094,0.8034188034188035,0.7777777777777778,0.7863247863247863,0.7350427350427351,0.7435897435897436,0.7435897435897436,0.7606837606837606,0.7777777777777778,0.7777777777777778,0.8290598290598291,0.7521367521367521,0.7521367521367521,0.811965811965812,0.7521367521367521,0.8034188034188035,0.7435897435897436,0.7692307692307693,0.7350427350427351,0.7606837606837606,0.7435897435897436,0.7692307692307693,0.7692307692307693,0.7777777777777778,0.7692307692307693,0.7777777777777778,0.7350427350427351,0.7521367521367521,0.7863247863247863,0.7863247863247863,0.7435897435897436,0.7606837606837606,0.7777777777777778,0.7521367521367521,0.7692307692307693
afp_amppred,0.7328519855595668,0.7671480144404332,0.7472924187725631,0.7667269439421338,0.7613019891500904,0.7725631768953068,0.776173285198556,0.7888086642599278,0.7450271247739603,0.7685352622061483,0.7671480144404332,0.7779783393501805,0.779783393501805,0.7721518987341772,0.755877034358047,0.7617328519855595,0.759927797833935,0.7851985559566786,0.7685352622061483,0.7233273056057866,0.7635379061371841,0.779783393501805,0.7924187725631769,0.7251356238698011,0.7667269439421338,0.7545126353790613,0.7617328519855595,0.7418772563176895,0.7703435804701627,0.7775768535262206,0.7671480144404332,0.7563176895306859,0.7689530685920578,0.7739602169981917,0.7576853526220615,0.7635379061371841,0.7689530685920578,0.7328519855595668,0.8028933092224232,0.7613019891500904,0.7617328519855595,0.7815884476534296,0.7707581227436823,0.7649186256781193,0.7414104882459313,0.7707581227436823,0.7779783393501805,0.759927797833935,0.783001808318264,0.7486437613019892
afp_antifp,0.7054794520547946,0.6861063464837049,0.6861063464837049,0.7084048027444254,0.7101200686106347,0.7174657534246576,0.7238421955403087,0.7152658662092625,0.6946826758147513,0.7221269296740995,0.6695205479452054,0.7358490566037735,0.6861063464837049,0.7084048027444254,0.6981132075471698,0.7157534246575342,0.6878216123499142,0.6946826758147513,0.7066895368782161,0.7032590051457976,0.7106164383561644,0.7101200686106347,0.7135506003430532,0.6912521440823327,0.7204116638078902,0.7226027397260274,0.7272727272727273,0.6981132075471698,0.6758147512864494,0.7118353344768439,0.7226027397260274,0.6809605488850772,0.7221269296740995,0.7495711835334476,0.6946826758147513,0.7123287671232876,0.6826758147512865,0.7032590051457976,0.725557461406518,0.7461406518010292,0.7071917808219178,0.6895368782161235,0.6963979416809606,0.7341337907375644,0.6843910806174958,0.6952054794520548,0.6963979416809606,0.6981132075471698,0.7118353344768439,0.6809605488850772
ai4avp,0.9086048879837068,0.9047619047619048,0.9047619047619048,0.9052711993888465,0.904507257448434,0.9065682281059063,0.9019607843137255,0.9055258467023173,0.9034886681945505,0.9055258467023173,0.9063136456211812,0.904507257448434,0.9090909090909091,0.9017061370002546,0.9050165520753756,0.9014765784114053,0.9085816144639675,0.9006875477463713,0.904507257448434,0.904507257448434,0.9040224032586558,0.902724726254138,0.9080723198370257,0.9055258467023173,0.9029793735676088,0.9014765784114053,0.906035141329259,0.9065444359562007,0.9070537305831423,0.9037433155080213,0.9045315682281059,0.9009421950598421,0.9067990832696715,0.9057804940157881,0.9037433155080213,0.9042769857433809,0.9047619047619048,0.9083269671504965,0.9057804940157881,0.9052711993888465,0.904786150712831,0.907563025210084,0.8991596638655462,0.9029793735676088,0.90934555640438,0.9060590631364562,0.9070537305831423,0.9052711993888465,0.9083269671504965,0.8991596638655462
ai4avp_2,0.7033898305084746,0.6666666666666666,0.7435897435897436,0.6153846153846154,0.7008547008547008,0.6101694915254238,0.6923076923076923,0.6923076923076923,0.6495726495726496,0.6495726495726496,0.635593220338983,0.6923076923076923,0.6410256410256411,0.6324786324786325,0.7008547008547008,0.6694915254237288,0.5982905982905983,0.6752136752136753,0.6239316239316239,0.7008547008547008,0.6610169491525424,0.6153846153846154,0.6581196581196581,0.6752136752136753,0.6666666666666666,0.7203389830508474,0.6581196581196581,0.6666666666666666,0.6581196581196581,0.6410256410256411,0.711864406779661,0.5982905982905983,0.6837606837606838,0.6923076923076923,0.6666666666666666,0.6694915254237288,0.6068376068376068,0.7435897435897436,0.6324786324786325,0.7094017094017094,0.6864406779661016,0.7264957264957265,0.7008547008547008,0.6239316239316239,0.7094017094017094,0.652542372881356,0.7008547008547008,0.6752136752136753,0.6153846153846154,0.6495726495726496
aip_aippred,0.6571428571428571,0.6238095238095238,0.638095238095238,0.6285714285714286,0.6602870813397129,0.6142857142857143,0.7047619047619048,0.6190476190476191,0.6523809523809524,0.6842105263157895,0.6285714285714286,0.6714285714285714,0.6476190476190476,0.6,0.6650717703349283,0.6285714285714286,0.638095238095238,0.6666666666666666,0.6428571428571429,0.6220095693779905,0.5952380952380952,0.6571428571428571,0.6952380952380952,0.6333333333333333,0.6794258373205742,0.6333333333333333,0.680952380952381,0.6714285714285714,0.6095238095238096,0.6698564593301436,0.6333333333333333,0.6666666666666666,0.6428571428571429,0.6666666666666666,0.6411483253588517,0.638095238095238,0.6095238095238096,0.6714285714285714,0.6428571428571429,0.6698564593301436,0.6571428571428571,0.6571428571428571,0.6,0.6714285714285714,0.631578947368421,0.6619047619047619,0.6333333333333333,0.6428571428571429,0.6285714285714286,0.6698564593301436
aip_antiinflam,0.6564705882352941,0.6517647058823529,0.6282352941176471,0.6282352941176471,0.6556603773584906,0.6258823529411764,0.6258823529411764,0.6211764705882353,0.6305882352941177,0.6344339622641509,0.6635294117647059,0.611764705882353,0.6282352941176471,0.6423529411764706,0.6273584905660378,0.6352941176470588,0.6258823529411764,0.6494117647058824,0.6282352941176471,0.6533018867924528,0.6588235294117647,0.6258823529411764,0.6494117647058824,0.6352941176470588,0.6084905660377359,0.6517647058823529,0.6188235294117647,0.6211764705882353,0.6658823529411765,0.6132075471698113,0.6564705882352941,0.6235294117647059,0.5976470588235294,0.6588235294117647,0.6061320754716981,0.6423529411764706,0.6470588235294118,0.6188235294117647,0.6588235294117647,0.6816037735849056,0.6447058823529411,0.6517647058823529,0.6329411764705882,0.5811764705882353,0.6391509433962265,0.6070588235294118,0.6541176470588236,0.6211764705882353,0.6352941176470588,0.6202830188679245
amp_antibp,0.7456647398843931,0.7965116279069767,0.7906976744186046,0.7558139534883721,0.8081395348837209,0.7630057803468208,0.7441860465116279,0.8197674418604651,0.7790697674418605,0.7325581395348837,0.7745664739884393,0.7325581395348837,0.7848837209302325,0.7674418604651163,0.7558139534883721,0.7572254335260116,0.7965116279069767,0.7325581395348837,0.7965116279069767,0.7674418604651163,0.7630057803468208,0.7674418604651163,0.7790697674418605,0.7790697674418605,0.7616279069767442,0.7745664739884393,0.7674418604651163,0.7558139534883721,0.7558139534883721,0.7848837209302325,0.7803468208092486,0.7906976744186046,0.7616279069767442,0.7790697674418605,0.7441860465116279,0.791907514450867,0.7383720930232558,0.7558139534883721,0.75,0.7558139534883721,0.7341040462427746,0.7616279069767442,0.7732558139534884,0.7383720930232558,0.8023255813953488,0.7398843930635838,0.7848837209302325,0.7558139534883721,0.7790697674418605,0.8081395348837209
amp_antibp2,0.8120300751879699,0.7593984962406015,0.7744360902255639,0.7537688442211056,0.7663316582914573,0.7343358395989975,0.7518796992481203,0.8220551378446115,0.8065326633165829,0.7914572864321608,0.7944862155388471,0.7869674185463659,0.7969924812030075,0.7613065326633166,0.7462311557788944,0.7468671679197995,0.7619047619047619,0.7518796992481203,0.7663316582914573,0.7688442211055276,0.7669172932330827,0.731829573934837,0.7794486215538847,0.7788944723618091,0.8165829145728644,0.7894736842105263,0.7644110275689223,0.7944862155388471,0.7989949748743719,0.7261306532663316,0.7869674185463659,0.7919799498746867,0.7468671679197995,0.7638190954773869,0.7638190954773869,0.7869674185463659,0.7593984962406015,0.7518796992481203,0.7889447236180904,0.7738693467336684,0.7644110275689223,0.7669172932330827,0.8195488721804511,0.7261306532663316,0.7462311557788944,0.7794486215538847,0.7644110275689223,0.7443609022556391,0.7788944723618091,0.7688442211055276
amp_csamp,0.9038461538461539,0.9019607843137255,0.9019607843137255,0.9411764705882353,0.9411764705882353,0.9230769230769231,0.9019607843137255,0.9411764705882353,0.9019607843137255,0.9019607843137255,0.9230769230769231,0.8823529411764706,0.9607843137254902,0.9803921568627451,0.8627450980392157,0.9615384615384616,0.9215686274509803,0.8627450980392157,0.9019607843137255,0.9411764705882353,0.9615384615384616,0.9803921568627451,0.8627450980392157,0.8627450980392157,0.9411764705882353,0.9230769230769231,0.8823529411764706,0.9411764705882353,0.9411764705882353,0.9019607843137255,0.9038461538461539,0.9607843137254902,0.9215686274509803,0.9215686274509803,0.9019607843137255,0.9615384615384616,0.9411764705882353,0.9411764705882353,0.8235294117647058,0.9411764705882353,0.8846153846153846,0.8627450980392157,0.9411764705882353,0.9411764705882353,0.9215686274509803,0.8846153846153846,0.8823529411764706,0.9607843137254902,0.9607843137254902,0.9019607843137255
amp_fernandes,0.7659574468085106,0.6304347826086957,0.8695652173913043,0.7391304347826086,0.7391304347826086,0.7021276595744681,0.6956521739130435,0.7608695652173914,0.717391304347826,0.8260869565217391,0.7021276595744681,0.8260869565217391,0.717391304347826,0.6521739130434783,0.8043478260869565,0.8085106382978723,0.717391304347826,0.8260869565217391,0.8478260869565217,0.6739130434782609,0.7872340425531915,0.8260869565217391,0.8043478260869565,0.7608695652173914,0.6739130434782609,0.7021276595744681,0.8260869565217391,0.7608695652173914,0.782608695652174,0.7608695652173914,0.7872340425531915,0.7608695652173914,0.6739130434782609,0.7608695652173914,0.8043478260869565,0.7659574468085106,0.6956521739130435,0.7391304347826086,0.7391304347826086,0.7608695652173914,0.6595744680851063,0.717391304347826,0.8478260869565217,0.7608695652173914,0.782608695652174,0.723404255319149,0.7391304347826086,0.9130434782608695,0.782608695652174,0.7391304347826086
amp_gonzales,1.0,0.9230769230769231,0.8461538461538461,0.9230769230769231,0.88,0.8846153846153846,0.8846153846153846,0.8846153846153846,0.8846153846153846,0.96,0.8846153846153846,0.9230769230769231,0.9230769230769231,0.8461538461538461,0.88,0.9230769230769231,0.9230769230769231,0.8461538461538461,0.9230769230769231,0.92,0.9615384615384616,0.8846153846153846,0.9230769230769231,0.8461538461538461,0.92,0.9230769230769231,0.9230769230769231,0.9230769230769231,0.7692307692307693,0.96,0.8461538461538461,0.8461538461538461,1.0,0.8846153846153846,0.92,0.9230769230769231,0.9230769230769231,1.0,0.8846153846153846,0.84,0.8846153846153846,1.0,0.8846153846153846,0.8461538461538461,0.92,0.8846153846153846,0.9615384615384616,0.8461538461538461,0.9615384615384616,0.84
amp_iamp2l,0.8873668188736682,0.8706240487062404,0.898021308980213,0.8751902587519026,0.8810975609756098,0.878234398782344,0.8995433789954338,0.8721461187214612,0.8858447488584474,0.8810975609756098,0.882800608828006,0.8721461187214612,0.863013698630137,0.893455098934551,0.8917682926829268,0.8767123287671232,0.8797564687975646,0.8736681887366818,0.8873668188736682,0.8795731707317073,0.8964992389649924,0.8706240487062404,0.898021308980213,0.8691019786910198,0.8780487804878049,0.8873668188736682,0.863013698630137,0.8721461187214612,0.8843226788432268,0.8963414634146342,0.8949771689497716,0.8995433789954338,0.8736681887366818,0.8660578386605784,0.8612804878048781,0.8691019786910198,0.898021308980213,0.8706240487062404,0.8873668188736682,0.899390243902439,0.8843226788432268,0.8751902587519026,0.8964992389649924,0.867579908675799,0.8871951219512195,0.8767123287671232,0.8995433789954338,0.878234398782344,0.893455098934551,0.8658536585365854
amp_modlamp,0.8604651162790697,0.8875968992248062,0.8817829457364341,0.8817829457364341,0.8640776699029126,0.8662790697674418,0.8682170542635659,0.8585271317829457,0.872093023255814,0.8737864077669902,0.877906976744186,0.8798449612403101,0.8585271317829457,0.8507751937984496,0.8737864077669902,0.874031007751938,0.877906976744186,0.8643410852713178,0.8662790697674418,0.8951456310679612,0.9011627906976745,0.8565891472868217,0.8546511627906976,0.8875968992248062,0.8621359223300971,0.8682170542635659,0.874031007751938,0.8643410852713178,0.8837209302325582,0.8660194174757282,0.8914728682170543,0.8682170542635659,0.8546511627906976,0.8701550387596899,0.8776699029126214,0.8837209302325582,0.872093023255814,0.8682170542635659,0.875968992248062,0.858252427184466,0.8662790697674418,0.875968992248062,0.877906976744186,0.8682170542635659,0.8679611650485437,0.872093023255814,0.8662790697674418,0.877906976744186,0.8817829457364341,0.8737864077669902
atb_antitbp,0.7474747474747475,0.696969696969697,0.7755102040816326,0.7346938775510204,0.6632653061224489,0.7575757575757576,0.7171717171717171,0.7346938775510204,0.6224489795918368,0.7551020408163265,0.7474747474747475,0.6464646464646465,0.7346938775510204,0.7653061224489796,0.6428571428571429,0.7474747474747475,0.6767676767676768,0.7346938775510204,0.7448979591836735,0.7857142857142857,0.6565656565656566,0.7676767676767676,0.6938775510204082,0.7142857142857143,0.7551020408163265,0.7070707070707071,0.7373737373737373,0.6530612244897959,0.6938775510204082,0.7142857142857143,0.7878787878787878,0.696969696969697,0.7653061224489796,0.7244897959183674,0.6428571428571429,0.7676767676767676,0.7171717171717171,0.6836734693877551,0.7142857142857143,0.7448979591836735,0.7272727272727273,0.696969696969697,0.7551020408163265,0.7244897959183674,0.7346938775510204,0.6868686868686869,0.7171717171717171,0.7346938775510204,0.826530612244898,0.6632653061224489
atb_iantitb,0.7272727272727273,0.6767676767676768,0.6428571428571429,0.6530612244897959,0.6428571428571429,0.6868686868686869,0.696969696969697,0.6632653061224489,0.7244897959183674,0.673469387755102,0.6363636363636364,0.5959595959595959,0.6836734693877551,0.7142857142857143,0.673469387755102,0.6767676767676768,0.6262626262626263,0.6326530612244898,0.6836734693877551,0.7244897959183674,0.6464646464646465,0.696969696969697,0.7755102040816326,0.6836734693877551,0.6938775510204082,0.5555555555555556,0.696969696969697,0.7244897959183674,0.6326530612244898,0.7448979591836735,0.696969696969697,0.6363636363636364,0.6938775510204082,0.6122448979591837,0.6530612244897959,0.6363636363636364,0.6767676767676768,0.6836734693877551,0.7142857142857143,0.673469387755102,0.7272727272727273,0.7373737373737373,0.6938775510204082,0.6632653061224489,0.7040816326530612,0.6767676767676768,0.5858585858585859,0.6224489795918368,0.6326530612244898,0.7040816326530612
avp_amppred,0.6858108108108109,0.7128378378378378,0.75,0.7389830508474576,0.6847457627118644,0.7466216216216216,0.668918918918919,0.7364864864864865,0.711864406779661,0.7084745762711865,0.7195945945945946,0.7297297297297297,0.668918918918919,0.6745762711864407,0.7423728813559322,0.6858108108108109,0.6722972972972973,0.6993243243243243,0.7322033898305085,0.7016949152542373,0.7162162162162162,0.7432432432432432,0.7297297297297297,0.7288135593220338,0.6644067796610169,0.7094594594594594,0.6621621621621622,0.7297297297297297,0.7322033898305085,0.7423728813559322,0.6587837837837838,0.7364864864864865,0.706081081081081,0.688135593220339,0.735593220338983,0.7263513513513513,0.7162162162162162,0.7094594594594594,0.7220338983050848,0.7050847457627119,0.7195945945945946,0.7297297297297297,0.7466216216216216,0.6847457627118644,0.7220338983050848,0.6959459459459459,0.7297297297297297,0.7297297297297297,0.6915254237288135,0.735593220338983
avp_avppred,0.780952380952381,0.7142857142857143,0.7703349282296651,0.784688995215311,0.7511961722488039,0.7523809523809524,0.7714285714285715,0.784688995215311,0.7177033492822966,0.7799043062200957,0.7714285714285715,0.7476190476190476,0.7751196172248804,0.7177033492822966,0.7799043062200957,0.7857142857142857,0.7285714285714285,0.7511961722488039,0.7751196172248804,0.7368421052631579,0.7619047619047619,0.7666666666666667,0.784688995215311,0.6985645933014354,0.722488038277512,0.7095238095238096,0.7761904761904762,0.7655502392344498,0.8133971291866029,0.7559808612440191,0.7380952380952381,0.7619047619047619,0.7320574162679426,0.7894736842105263,0.7559808612440191,0.7095238095238096,0.7571428571428571,0.8038277511961722,0.7607655502392344,0.7033492822966507,0.7095238095238096,0.7904761904761904,0.7799043062200957,0.7416267942583732,0.7703349282296651,0.7476190476190476,0.7523809523809524,0.7368421052631579,0.7320574162679426,0.8038277511961722
bce_ibce,0.6170634920634921,0.6567460317460317,0.6468253968253969,0.5924453280318092,0.6262425447316103,0.6031746031746031,0.6031746031746031,0.6190476190476191,0.6163021868787276,0.6282306163021869,0.628968253968254,0.6150793650793651,0.6091269841269841,0.6620278330019881,0.6163021868787276,0.5912698412698413,0.6309523809523809,0.625,0.6520874751491054,0.6381709741550696,0.6388888888888888,0.6051587301587301,0.628968253968254,0.6282306163021869,0.610337972166998,0.5972222222222222,0.6587301587301587,0.626984126984127,0.6361829025844931,0.6083499005964215,0.621031746031746,0.621031746031746,0.6150793650793651,0.6540755467196819,0.6083499005964215,0.6111111111111112,0.6150793650793651,0.6329365079365079,0.6361829025844931,0.6262425447316103,0.625,0.626984126984127,0.6170634920634921,0.6083499005964215,0.610337972166998,0.6369047619047619,0.6408730158730159,0.5992063492063492,0.6560636182902585,0.5964214711729622
c2pred,0.6727272727272727,0.6909090909090909,0.6848484848484848,0.6666666666666666,0.7195121951219512,0.6909090909090909,0.6545454545454545,0.7090909090909091,0.6727272727272727,0.7012195121951219,0.696969696969697,0.7212121212121212,0.6848484848484848,0.7151515151515152,0.6524390243902439,0.6848484848484848,0.7212121212121212,0.696969696969697,0.7454545454545455,0.6829268292682927,0.6909090909090909,0.7212121212121212,0.6606060606060606,0.6727272727272727,0.7317073170731707,0.6181818181818182,0.7151515151515152,0.703030303030303,0.7090909090909091,0.725609756097561,0.6727272727272727,0.7393939393939394,0.6666666666666666,0.7333333333333333,0.75,0.7151515151515152,0.7272727272727273,0.6787878787878788,0.6848484848484848,0.6829268292682927,0.703030303030303,0.6363636363636364,0.6727272727272727,0.6909090909090909,0.725609756097561,0.6909090909090909,0.6727272727272727,0.7212121212121212,0.7272727272727273,0.6646341463414634
cppsite1,0.8098591549295775,0.7879858657243817,0.8515901060070671,0.7915194346289752,0.7703180212014135,0.7676056338028169,0.8162544169611308,0.7385159010600707,0.823321554770318,0.773851590106007,0.7922535211267606,0.7879858657243817,0.784452296819788,0.7632508833922261,0.7809187279151943,0.7852112676056338,0.773851590106007,0.7915194346289752,0.8480565371024735,0.7879858657243817,0.7922535211267606,0.784452296819788,0.7950530035335689,0.8515901060070671,0.7809187279151943,0.778169014084507,0.8021201413427562,0.7809187279151943,0.7773851590106007,0.8374558303886925,0.778169014084507,0.7950530035335689,0.8021201413427562,0.7950530035335689,0.7915194346289752,0.823943661971831,0.7526501766784452,0.7950530035335689,0.8056537102473498,0.7703180212014135,0.8380281690140845,0.8197879858657244,0.7561837455830389,0.8127208480565371,0.7879858657243817,0.7852112676056338,0.7773851590106007,0.773851590106007,0.8268551236749117,0.8445229681978799
cppsite2,0.7866666666666666,0.88,0.76,0.7333333333333333,0.7162162162162162,0.7866666666666666,0.8266666666666667,0.7466666666666667,0.76,0.8108108108108109,0.8,0.7866666666666666,0.7866666666666666,0.8133333333333334,0.7297297297297297,0.68,0.8133333333333334,0.8533333333333334,0.7466666666666667,0.8378378378378378,0.8533333333333334,0.7866666666666666,0.72,0.72,0.8783783783783784,0.8266666666666667,0.7466666666666667,0.8,0.8,0.7432432432432432,0.7333333333333333,0.8,0.8533333333333334,0.8533333333333334,0.8108108108108109,0.7866666666666666,0.7866666666666666,0.8266666666666667,0.7333333333333333,0.7837837837837838,0.8266666666666667,0.8,0.7333333333333333,0.7733333333333333,0.7567567567567568,0.8,0.7866666666666666,0.7866666666666666,0.7866666666666666,0.8108108108108109
cppsite3,0.6666666666666666,0.5866666666666667,0.6266666666666667,0.5733333333333334,0.5945945945945946,0.5866666666666667,0.5466666666666666,0.6266666666666667,0.68,0.6081081081081081,0.5733333333333334,0.5466666666666666,0.6933333333333334,0.56,0.6216216216216216,0.5466666666666666,0.6,0.64,0.5866666666666667,0.581081081081081,0.6266666666666667,0.6533333333333333,0.64,0.56,0.5945945945945946,0.76,0.6266666666666667,0.6266666666666667,0.6266666666666667,0.6081081081081081,0.49333333333333335,0.6533333333333333,0.6533333333333333,0.7066666666666667,0.6756756756756757,0.5866666666666667,0.7066666666666667,0.52,0.5733333333333334,0.7027027027027027,0.6,0.6266666666666667,0.6266666666666667,0.68,0.6081081081081081,0.6533333333333333,0.5866666666666667,0.6266666666666667,0.6266666666666667,0.6081081081081081
cpp_cellppd,0.8080495356037152,0.7863777089783281,0.7678018575851393,0.8018575851393189,0.7950310559006211,0.7647058823529411,0.848297213622291,0.7585139318885449,0.7987616099071208,0.7670807453416149,0.7708978328173375,0.7832817337461301,0.8142414860681114,0.7492260061919505,0.7950310559006211,0.7801857585139319,0.826625386996904,0.804953560371517,0.7832817337461301,0.7950310559006211,0.7770897832817337,0.7523219814241486,0.7956656346749226,0.8080495356037152,0.7795031055900621,0.7925696594427245,0.7987616099071208,0.8080495356037152,0.7894736842105263,0.8012422360248447,0.7832817337461301,0.7863777089783281,0.8080495356037152,0.7523219814241486,0.7888198757763976,0.804953560371517,0.7151702786377709,0.7863777089783281,0.826625386996904,0.7763975155279503,0.7430340557275542,0.7863777089783281,0.7956656346749226,0.7894736842105263,0.7670807453416149,0.7647058823529411,0.7925696594427245,0.7925696594427245,0.7801857585139319,0.782608695652174
cpp_cellppdmod,0.8600682593856656,0.863481228668942,0.8356164383561644,0.8116438356164384,0.863013698630137,0.8395904436860068,0.863481228668942,0.821917808219178,0.8184931506849316,0.863013698630137,0.8156996587030717,0.825938566552901,0.863013698630137,0.8561643835616438,0.8424657534246576,0.8225255972696246,0.8464163822525598,0.8698630136986302,0.8424657534246576,0.8561643835616438,0.8122866894197952,0.8156996587030717,0.8253424657534246,0.8595890410958904,0.8732876712328768,0.863481228668942,0.856655290102389,0.7945205479452054,0.863013698630137,0.8116438356164384,0.856655290102389,0.8498293515358362,0.8732876712328768,0.8561643835616438,0.7876712328767124,0.8191126279863481,0.8327645051194539,0.8664383561643836,0.839041095890411,0.8595890410958904,0.8805460750853242,0.825938566552901,0.8184931506849316,0.839041095890411,0.8458904109589042,0.8873720136518771,0.8600682593856656,0.8253424657534246,0.8287671232876712,0.8184931506849316
cpp_cppredfl,0.7351351351351352,0.7405405405405405,0.7621621621621621,0.7837837837837838,0.717391304347826,0.7675675675675676,0.7189189189189189,0.7945945945945946,0.7351351351351352,0.7717391304347826,0.7297297297297297,0.7243243243243244,0.7135135135135136,0.7081081081081081,0.7717391304347826,0.8162162162162162,0.7351351351351352,0.7675675675675676,0.7027027027027027,0.7228260869565217,0.7513513513513513,0.7351351351351352,0.7567567567567568,0.6972972972972973,0.7445652173913043,0.6702702702702703,0.772972972972973,0.6972972972972973,0.745945945945946,0.8478260869565217,0.7351351351351352,0.745945945945946,0.7621621621621621,0.7783783783783784,0.6793478260869565,0.7351351351351352,0.6864864864864865,0.7351351351351352,0.7837837837837838,0.7771739130434783,0.7027027027027027,0.8,0.7135135135135136,0.7675675675675676,0.7336956521739131,0.6918918918918919,0.7135135135135136,0.7135135135135136,0.7513513513513513,0.7989130434782609
cpp_ind,0.65,0.7,0.75,0.717948717948718,0.8205128205128205,0.6,0.775,0.8,0.8205128205128205,0.7692307692307693,0.825,0.75,0.65,0.6410256410256411,0.7948717948717948,0.8,0.85,0.7,0.6923076923076923,0.6666666666666666,0.65,0.8,0.775,0.7435897435897436,0.7948717948717948,0.75,0.725,0.8,0.8461538461538461,0.6410256410256411,0.725,0.8,0.75,0.717948717948718,0.8205128205128205,0.875,0.7,0.675,0.8461538461538461,0.7692307692307693,0.6,0.825,0.7,0.6410256410256411,0.7948717948717948,0.85,0.675,0.675,0.717948717948718,0.8205128205128205
cpp_kelmcpp,0.736318407960199,0.7711442786069652,0.7412935323383084,0.685,0.71,0.8059701492537313,0.7114427860696517,0.7213930348258707,0.755,0.72,0.736318407960199,0.7810945273631841,0.7512437810945274,0.73,0.71,0.736318407960199,0.736318407960199,0.7611940298507462,0.715,0.695,0.7164179104477612,0.7313432835820896,0.6915422885572139,0.66,0.74,0.7064676616915423,0.7512437810945274,0.7412935323383084,0.73,0.71,0.7412935323383084,0.7263681592039801,0.7412935323383084,0.755,0.71,0.7164179104477612,0.7562189054726368,0.7114427860696517,0.69,0.75,0.7114427860696517,0.6915422885572139,0.7562189054726368,0.69,0.695,0.6616915422885572,0.746268656716418,0.746268656716418,0.725,0.74
cpp_mixed,0.7307692307692307,0.8461538461538461,0.8461538461538461,0.76,0.72,0.8076923076923077,0.7692307692307693,0.7692307692307693,0.72,0.76,0.8461538461538461,0.8076923076923077,0.7307692307692307,0.72,0.72,0.8846153846153846,0.6538461538461539,0.6923076923076923,0.76,0.76,0.8076923076923077,0.7307692307692307,0.6538461538461539,0.8,0.8,0.8076923076923077,0.7692307692307693,0.7692307692307693,0.76,0.72,0.9230769230769231,0.7307692307692307,0.7307692307692307,0.76,0.72,0.8076923076923077,0.8461538461538461,0.7692307692307693,0.76,0.64,0.7307692307692307,0.8461538461538461,0.7692307692307693,0.76,0.72,0.8076923076923077,0.6923076923076923,0.7307692307692307,0.76,0.88
cpp_mlcpp,0.8083989501312336,0.8031496062992126,0.7611548556430446,0.7921052631578948,0.8210526315789474,0.7979002624671916,0.8188976377952756,0.7795275590551181,0.8210526315789474,0.7894736842105263,0.7900262467191601,0.7900262467191601,0.7874015748031497,0.8078947368421052,0.7973684210526316,0.7821522309711286,0.8241469816272966,0.7821522309711286,0.7710526315789473,0.8105263157894737,0.8083989501312336,0.7821522309711286,0.7795275590551181,0.8131578947368421,0.7763157894736842,0.8057742782152231,0.8083989501312336,0.7874015748031497,0.7894736842105263,0.7736842105263158,0.7821522309711286,0.7821522309711286,0.8057742782152231,0.7657894736842106,0.7973684210526316,0.8057742782152231,0.7926509186351706,0.8188976377952756,0.7736842105263158,0.7789473684210526,0.8057742782152231,0.7690288713910761,0.8241469816272966,0.7868421052631579,0.7605263157894737,0.7821522309711286,0.8110236220472441,0.7979002624671916,0.7842105263157895,0.8026315789473685
cpp_mlcppue,0.64,0.56,0.6266666666666667,0.6,0.6351351351351351,0.6133333333333333,0.5733333333333334,0.6266666666666667,0.6533333333333333,0.6486486486486487,0.5466666666666666,0.5866666666666667,0.6133333333333333,0.6,0.7162162162162162,0.5333333333333333,0.6,0.6533333333333333,0.6533333333333333,0.6756756756756757,0.5733333333333334,0.6533333333333333,0.6266666666666667,0.6266666666666667,0.581081081081081,0.76,0.6266666666666667,0.6133333333333333,0.6266666666666667,0.6351351351351351,0.5066666666666667,0.5733333333333334,0.6533333333333333,0.72,0.6081081081081081,0.6533333333333333,0.6533333333333333,0.48,0.5866666666666667,0.6756756756756757,0.5466666666666666,0.6533333333333333,0.64,0.68,0.6081081081081081,0.64,0.5733333333333334,0.5866666666666667,0.6133333333333333,0.6081081081081081
cpp_sanders,0.7931034482758621,0.7586206896551724,0.7241379310344828,0.7931034482758621,0.7241379310344828,0.7586206896551724,0.6896551724137931,0.7931034482758621,0.7586206896551724,0.7241379310344828,0.8275862068965517,0.7586206896551724,0.7586206896551724,0.7931034482758621,0.7931034482758621,0.7586206896551724,0.7241379310344828,0.7586206896551724,0.6896551724137931,0.8275862068965517,0.7931034482758621,0.7586206896551724,0.7586206896551724,0.7586206896551724,0.7241379310344828,0.7586206896551724,0.7586206896551724,0.7586206896551724,0.7241379310344828,0.7241379310344828,0.7241379310344828,0.7931034482758621,0.7931034482758621,0.7586206896551724,0.7241379310344828,0.7931034482758621,0.7931034482758621,0.7241379310344828,0.7931034482758621,0.7586206896551724,0.8275862068965517,0.6896551724137931,0.7241379310344828,0.7241379310344828,0.7241379310344828,0.7586206896551724,0.7586206896551724,0.7241379310344828,0.7241379310344828,0.7586206896551724
hem_hemopi,0.8144796380090498,0.8461538461538461,0.8642533936651584,0.8778280542986425,0.8590909090909091,0.8280542986425339,0.832579185520362,0.8778280542986425,0.8235294117647058,0.9,0.8642533936651584,0.8642533936651584,0.8642533936651584,0.8687782805429864,0.7954545454545454,0.8597285067873304,0.8552036199095022,0.8687782805429864,0.8642533936651584,0.8545454545454545,0.8235294117647058,0.8597285067873304,0.8823529411764706,0.8461538461538461,0.8818181818181818,0.8597285067873304,0.832579185520362,0.8280542986425339,0.8868778280542986,0.8954545454545455,0.8506787330316742,0.8461538461538461,0.8461538461538461,0.8597285067873304,0.85,0.832579185520362,0.8280542986425339,0.8687782805429864,0.8190045248868778,0.8909090909090909,0.8552036199095022,0.832579185520362,0.8280542986425339,0.8371040723981901,0.8863636363636364,0.8371040723981901,0.8552036199095022,0.8190045248868778,0.8914027149321267,0.8681818181818182
effectorp,0.75,0.7703703703703704,0.7703703703703704,0.7925925925925926,0.7407407407407407,0.7941176470588235,0.7333333333333333,0.7925925925925926,0.762962962962963,0.8074074074074075,0.8235294117647058,0.8222222222222222,0.8222222222222222,0.7777777777777778,0.7333333333333333,0.8088235294117647,0.7333333333333333,0.7851851851851852,0.8,0.6888888888888889,0.8014705882352942,0.8074074074074075,0.7851851851851852,0.7481481481481481,0.762962962962963,0.7867647058823529,0.7555555555555555,0.7037037037037037,0.7407407407407407,0.7925925925925926,0.7794117647058824,0.7555555555555555,0.7555555555555555,0.7555555555555555,0.7851851851851852,0.7720588235294118,0.7777777777777778,0.7851851851851852,0.8222222222222222,0.7851851851851852,0.7647058823529411,0.7481481481481481,0.8,0.7185185185185186,0.8074074074074075,0.7573529411764706,0.7111111111111111,0.8,0.7851851851851852,0.762962962962963
toxinpred_swissprot,0.862037037037037,0.9009259259259259,0.8685185185185185,0.8693234476367007,0.8758109360518999,0.8898148148148148,0.8777777777777778,0.8731481481481481,0.8683966635773864,0.8785912882298424,0.8592592592592593,0.8777777777777778,0.8842592592592593,0.8832252085264134,0.8591288229842446,0.8814814814814815,0.8666666666666667,0.862037037037037,0.8795180722891566,0.8869323447636701,0.875,0.875,0.8805555555555555,0.8600556070435589,0.8887859128822985,0.8768518518518519,0.8740740740740741,0.8759259259259259,0.8683966635773864,0.8748841519925857,0.8824074074074074,0.8805555555555555,0.8555555555555555,0.8776645041705282,0.8795180722891566,0.8601851851851852,0.8916666666666667,0.8796296296296297,0.8683966635773864,0.8776645041705282,0.8740740740740741,0.875,0.8777777777777778,0.8804448563484708,0.8600556070435589,0.8592592592592593,0.8851851851851852,0.8814814814814815,0.8702502316960148,0.8841519925857275
toxinpred_trembl,0.929616724738676,0.9452771000348553,0.9400487974904148,0.9379574764726385,0.945625653537818,0.9393728222996516,0.9414430115022656,0.9334262809341234,0.9424886720111537,0.9397002439874521,0.9439024390243902,0.9403973509933775,0.9410944579993029,0.9397002439874521,0.9438828860230045,0.9442508710801394,0.9372603694667131,0.9372603694667131,0.9390031369815267,0.9407459044963402,0.9404181184668989,0.9376089229696758,0.938654583478564,0.9309864064133845,0.9400487974904148,0.9418118466898955,0.9379574764726385,0.9449285465318926,0.9376089229696758,0.9369118159637504,0.9285714285714286,0.942140118508191,0.938654583478564,0.9403973509933775,0.9403973509933775,0.9372822299651568,0.942140118508191,0.9390031369815267,0.9417915650052283,0.9442314395259672,0.9390243902439024,0.9400487974904148,0.9400487974904148,0.9410944579993029,0.9379574764726385,0.943205574912892,0.9358661554548623,0.9449285465318926,0.9369118159637504,0.942140118508191
toxinpred2,0.7727272727272727,0.7446808510638298,0.7811550151975684,0.7325227963525835,0.7811550151975684,0.7818181818181819,0.756838905775076,0.7689969604863222,0.7416413373860182,0.7507598784194529,0.803030303030303,0.7416413373860182,0.7386018237082067,0.7659574468085106,0.7446808510638298,0.7515151515151515,0.7933130699088146,0.7325227963525835,0.7872340425531915,0.7325227963525835,0.806060606060606,0.7811550151975684,0.7142857142857143,0.7416413373860182,0.7507598784194529,0.7878787878787878,0.7325227963525835,0.7689969604863222,0.7203647416413373,0.7963525835866262,0.7303030303030303,0.756838905775076,0.7446808510638298,0.7811550151975684,0.7629179331306991,0.7515151515151515,0.7507598784194529,0.7507598784194529,0.7629179331306991,0.7750759878419453,0.7484848484848485,0.7781155015197568,0.756838905775076,0.7629179331306991,0.7537993920972644,0.793939393939394,0.7598784194528876,0.7477203647416414,0.7325227963525835,0.7537993920972644
