,0,1,2,3,4,5,6,7,8,9,10,11,12,13,14,15,16,17,18,19,20,21,22,23,24,25,26,27,28,29,30,31,32,33,34,35,36,37,38,39,40,41,42,43,44,45,46,47,48,49,50,51,52,53,54,55,56,57,58,59,60,61,62,63,64,65,66,67,68,69,70,71,72,73,74,75,76,77,78,79,80,81,82,83,84,85,86,87,88,89,90,91,92,93,94,95,96,97,98,99
ace_vaxinpad,0.72,0.8037383177570094,0.8474576271186439,0.7524752475247524,0.8059701492537314,0.8031496062992126,0.7706422018348622,0.7636363636363637,0.8160000000000001,0.7927927927927929,0.7796610169491526,0.7547169811320755,0.7961165048543689,0.7777777777777778,0.706896551724138,0.7884615384615384,0.7157894736842104,0.782608695652174,0.7874015748031497,0.7592592592592592,0.7047619047619048,0.8347826086956522,0.8,0.8235294117647058,0.8292682926829269,0.7663551401869159,0.8032786885245901,0.819672131147541,0.8166666666666667,0.7863247863247863,0.7676767676767676,0.7142857142857143,0.793388429752066,0.7454545454545454,0.7037037037037038,0.7884615384615385,0.7368421052631577,0.8135593220338982,0.7927927927927929,0.7787610619469026,0.8035714285714286,0.7021276595744682,0.7936507936507937,0.7272727272727273,0.7796610169491525,0.8598130841121496,0.7652173913043478,0.8000000000000002,0.7999999999999999,0.7647058823529411,0.7254901960784313,0.7719298245614035,0.8301886792452831,0.7826086956521738,0.8,0.717948717948718,0.7234042553191491,0.8429752066115703,0.7999999999999999,0.8,0.7663551401869159,0.7706422018348622,0.7457627118644068,0.7241379310344829,0.7796610169491525,0.7704918032786885,0.7476635514018692,0.8,0.7543859649122807,0.8,0.8200000000000001,0.6422018348623854,0.7843137254901961,0.7747747747747749,0.7656250000000001,0.7777777777777778,0.7521367521367521,0.7479674796747967,0.7927927927927928,0.8099173553719009,0.7428571428571428,0.7321428571428572,0.752,0.8073394495412843,0.7058823529411765,0.793103448275862,0.8333333333333334,0.7610619469026549,0.7450980392156863,0.8,0.8205128205128206,0.7476635514018691,0.8103448275862069,0.7758620689655172,0.7850467289719627,0.7216494845360826,0.8,0.7155963302752294,0.6666666666666666,0.7999999999999999
acp_anticp,0.8666666666666666,0.675,0.7529411764705882,0.8269230769230769,0.7551020408163266,0.738095238095238,0.7391304347826088,0.6666666666666666,0.7741935483870968,0.7826086956521738,0.7872340425531915,0.7142857142857143,0.8409090909090909,0.7924528301886792,0.7954545454545454,0.8250000000000001,0.7191011235955055,0.7692307692307692,0.7422680412371134,0.8367346938775511,0.7526881720430106,0.7872340425531915,0.7291666666666667,0.7441860465116279,0.7826086956521738,0.7446808510638298,0.8235294117647058,0.6,0.7659574468085105,0.7391304347826088,0.7912087912087913,0.7766990291262136,0.746987951807229,0.7692307692307694,0.8139534883720929,0.8712871287128714,0.7476635514018692,0.7045454545454546,0.7741935483870968,0.6829268292682926,0.7954545454545455,0.7380952380952381,0.76,0.7865168539325844,0.8,0.8314606741573033,0.7640449438202247,0.7536231884057971,0.7727272727272728,0.7529411764705882,0.8085106382978723,0.7619047619047619,0.7294117647058822,0.7659574468085107,0.7380952380952381,0.875,0.8571428571428571,0.7865168539325843,0.7450980392156862,0.711111111111111,0.7415730337078652,0.8333333333333333,0.8113207547169811,0.7741935483870968,0.674698795180723,0.7560975609756099,0.8409090909090908,0.7586206896551724,0.6753246753246753,0.7450980392156863,0.7676767676767676,0.8048780487804877,0.7956989247311829,0.8131868131868131,0.8484848484848485,0.8041237113402061,0.8085106382978724,0.7096774193548387,0.8043478260869565,0.6526315789473685,0.7835051546391754,0.75,0.7951807228915662,0.782608695652174,0.7878787878787878,0.7676767676767676,0.7804878048780488,0.8125,0.7608695652173912,0.7809523809523811,0.6881720430107526,0.7422680412371133,0.8043478260869567,0.7659574468085106,0.82,0.9032258064516129,0.7628865979381443,0.7555555555555555,0.7526881720430109,0.7368421052631577
acp_iacp,0.8076923076923077,0.6530612244897959,0.7083333333333334,0.7555555555555555,0.7540983606557377,0.7272727272727272,0.6222222222222222,0.76,0.7391304347826088,0.653061224489796,0.8260869565217392,0.619047619047619,0.6818181818181818,0.7058823529411764,0.6956521739130435,0.6382978723404256,0.7777777777777778,0.7272727272727274,0.6818181818181818,0.6666666666666666,0.6829268292682926,0.6956521739130435,0.6666666666666667,0.5945945945945945,0.7857142857142856,0.6511627906976744,0.6222222222222222,0.6666666666666667,0.5128205128205128,0.6923076923076923,0.7307692307692307,0.7017543859649124,0.6808510638297872,0.6666666666666666,0.6956521739130435,0.6382978723404256,0.6181818181818183,0.7272727272727274,0.6666666666666667,0.7272727272727273,0.6666666666666667,0.6153846153846155,0.6799999999999999,0.7234042553191489,0.6956521739130435,0.7,0.6923076923076923,0.6808510638297872,0.6666666666666667,0.6666666666666666,0.6938775510204083,0.5714285714285714,0.68,0.7567567567567568,0.7142857142857143,0.7301587301587302,0.5882352941176471,0.6808510638297872,0.7058823529411765,0.6923076923076923,0.7169811320754716,0.6666666666666666,0.7317073170731708,0.7317073170731707,0.6666666666666667,0.6666666666666665,0.8,0.6829268292682927,0.6842105263157895,0.7457627118644068,0.6153846153846154,0.5853658536585367,0.6808510638297872,0.7083333333333333,0.7111111111111111,0.6976744186046512,0.7999999999999999,0.64,0.5909090909090908,0.6250000000000001,0.6538461538461539,0.7755102040816326,0.6666666666666667,0.7346938775510204,0.65,0.7659574468085106,0.7142857142857143,0.6415094339622641,0.7777777777777777,0.7407407407407407,0.6666666666666666,0.6909090909090909,0.8181818181818182,0.6666666666666667,0.793103448275862,0.7058823529411765,0.7083333333333333,0.7272727272727272,0.7272727272727272,0.7547169811320754
acp_mlacp,0.5098039215686274,0.7017543859649122,0.6567164179104478,0.4516129032258065,0.6122448979591838,0.6037735849056604,0.34615384615384615,0.4888888888888889,0.6779661016949152,0.4333333333333334,0.6101694915254237,0.4736842105263158,0.36734693877551017,0.5263157894736842,0.5517241379310345,0.5,0.5306122448979592,0.4583333333333333,0.4230769230769231,0.6129032258064516,0.42424242424242414,0.2857142857142857,0.5185185185185185,0.5263157894736843,0.5666666666666667,0.6071428571428572,0.6229508196721312,0.6181818181818182,0.6031746031746031,0.5283018867924528,0.5483870967741935,0.4516129032258065,0.5660377358490566,0.5098039215686275,0.5573770491803278,0.625,0.6428571428571428,0.5084745762711865,0.5555555555555556,0.5283018867924528,0.5245901639344263,0.5306122448979592,0.6376811594202898,0.41509433962264153,0.4888888888888889,0.5862068965517242,0.46808510638297873,0.4912280701754386,0.4210526315789474,0.5862068965517242,0.41666666666666663,0.5588235294117647,0.4545454545454545,0.4583333333333333,0.3999999999999999,0.5454545454545454,0.35000000000000003,0.5074626865671642,0.4912280701754386,0.4,0.5714285714285715,0.5660377358490566,0.5483870967741935,0.5846153846153846,0.625,0.3214285714285714,0.5106382978723405,0.6666666666666665,0.40740740740740744,0.5423728813559321,0.631578947368421,0.4489795918367347,0.5333333333333333,0.47457627118644075,0.456140350877193,0.40816326530612246,0.5526315789473685,0.42105263157894735,0.6296296296296297,0.4363636363636364,0.4126984126984127,0.5538461538461539,0.56,0.5416666666666666,0.47457627118644063,0.5306122448979592,0.5806451612903226,0.6071428571428571,0.5,0.5964912280701755,0.5769230769230769,0.4262295081967213,0.6000000000000001,0.4,0.4230769230769231,0.34146341463414637,0.509090909090909,0.5714285714285715,0.509090909090909,0.5573770491803278
afp_amppred,0.7269155206286837,0.7790262172284643,0.7475149105367793,0.7330827067669173,0.7735849056603775,0.7388781431334622,0.7480314960629921,0.7485822306238186,0.7244701348747592,0.7626168224299065,0.7326732673267325,0.7269155206286837,0.7529880478087649,0.7654784240150094,0.737037037037037,0.7326732673267328,0.7644927536231884,0.7229862475442044,0.7567567567567568,0.7537878787878788,0.7415730337078653,0.7272727272727273,0.7518796992481204,0.7248576850094877,0.749003984063745,0.7509293680297398,0.7709923664122137,0.7649253731343284,0.7262569832402235,0.7296296296296296,0.7596899224806202,0.7840290381125228,0.7622641509433962,0.7619047619047618,0.752895752895753,0.7465618860510806,0.7411764705882352,0.7855787476280836,0.7674418604651162,0.7657992565055761,0.7296296296296295,0.720156555772994,0.7669172932330827,0.7233201581027667,0.7456978967495219,0.7145708582834331,0.7145790554414784,0.7471264367816092,0.7290076335877863,0.7261904761904763,0.7558139534883721,0.7099236641221374,0.7522935779816513,0.762081784386617,0.7543520309477757,0.7438330170777989,0.7465069860279442,0.7414104882459313,0.7704280155642024,0.756052141527002,0.7471698113207548,0.7635658914728681,0.7311411992263055,0.7265917602996254,0.7430830039525691,0.767175572519084,0.7450199203187251,0.7495361781076068,0.7265917602996255,0.7343750000000001,0.6994106090373281,0.7137404580152673,0.7596330275229358,0.732943469785575,0.7279843444227007,0.7413441955193482,0.7322175732217574,0.7661141804788214,0.7669172932330827,0.7431906614785991,0.748091603053435,0.7533980582524271,0.7611650485436893,0.7692307692307693,0.7311411992263055,0.7504690431519699,0.740072202166065,0.7111111111111111,0.7453874538745386,0.7175572519083969,0.763915547024952,0.7269303201506592,0.7663551401869159,0.7448015122873345,0.7279843444227004,0.7489878542510122,0.7401869158878503,0.7311411992263056,0.7977099236641222,0.76171875
afp_antifp,0.6716981132075472,0.6728624535315986,0.6877323420074349,0.7074074074074074,0.7074074074074074,0.6739130434782609,0.6728280961182995,0.6802218114602588,0.6783625730994152,0.6812386156648451,0.6925925925925928,0.6882129277566539,0.7186932849364792,0.712230215827338,0.6953271028037383,0.7047970479704798,0.691588785046729,0.6838235294117647,0.6880907372400756,0.6614173228346456,0.6827458256029685,0.664179104477612,0.6501901140684412,0.7158273381294964,0.6883365200764818,0.6998087954110898,0.6653696498054474,0.6813996316758747,0.7495621716287215,0.6817325800376648,0.6742857142857143,0.6715596330275229,0.6575875486381323,0.7026022304832714,0.6872586872586872,0.7112810707456978,0.6473988439306358,0.7040280210157619,0.6791044776119403,0.6641366223908918,0.6577946768060836,0.7195767195767196,0.7078651685393259,0.66796875,0.6959847036328872,0.7058823529411764,0.6921606118546846,0.6654411764705883,0.6853932584269662,0.6988416988416989,0.6728971962616823,0.651252408477842,0.6927374301675977,0.703971119133574,0.6943396226415093,0.6843100189035917,0.6825396825396824,0.6691449814126396,0.6294227188081936,0.6841186736474694,0.6639676113360323,0.7058823529411765,0.6879699248120301,0.6793168880455409,0.6950092421441775,0.7009174311926606,0.6897810218978102,0.679245283018868,0.6875000000000001,0.7056672760511882,0.7362637362637363,0.7129455909943715,0.6541353383458647,0.7217235188509874,0.7043795620437956,0.6504065040650407,0.6872727272727273,0.6902654867256637,0.6885245901639345,0.7100175746924429,0.6548323471400395,0.6933333333333334,0.7001862197392923,0.6931818181818182,0.6525096525096524,0.7043314500941621,0.6529080675422139,0.7142857142857143,0.7085714285714286,0.6921675774134791,0.6679245283018868,0.6820809248554913,0.712430426716141,0.7173913043478262,0.6901669758812615,0.6370656370656371,0.6762589928057554,0.6767485822306238,0.7276051188299817,0.6704545454545455
ai4avp,0.49222065063649223,0.5068119891008175,0.4561891515994437,0.43888888888888894,0.4700854700854701,0.44868035190615835,0.48022598870056493,0.4963289280469897,0.4376657824933687,0.49390243902439024,0.47129909365558914,0.47977684797768483,0.5052910052910053,0.48857142857142855,0.4929971988795518,0.4478063540090772,0.4600280504908835,0.4764621968616263,0.47988904299583907,0.47248322147651006,0.42011834319526625,0.47252747252747257,0.48093841642228735,0.43478260869565216,0.45808383233532934,0.4619640387275242,0.44886363636363635,0.4965517241379311,0.4573991031390134,0.4557640750670241,0.4622093023255814,0.4732142857142857,0.4784422809457579,0.43949930458970793,0.4366197183098592,0.489971346704871,0.43859649122807026,0.5034199726402189,0.4359313077939234,0.4847605224963716,0.4666666666666667,0.4673157162726008,0.4698972099853157,0.48717948717948717,0.4555873925501432,0.4636488340192044,0.4780763790664781,0.46753246753246747,0.5111989459815547,0.4730878186968838,0.44313146233382567,0.42816091954022995,0.46260387811634346,0.4650499286733238,0.5197278911564627,0.4952380952380952,0.4571428571428572,0.4923076923076923,0.48079658605974396,0.4574616457461645,0.43153526970954353,0.4577968526466381,0.4590643274853801,0.46491228070175444,0.44134078212290506,0.476056338028169,0.4388059701492537,0.476319350473613,0.48901098901098905,0.4504249291784703,0.4701086956521739,0.4834874504623514,0.4679144385026737,0.48126801152737747,0.47107438016528924,0.4517133956386292,0.4422809457579973,0.5036603221083455,0.4444444444444444,0.49008498583569404,0.4573002754820937,0.4328147100424328,0.43169398907103823,0.47457627118644063,0.4826629680998613,0.45070422535211263,0.4699140401146132,0.4937238493723849,0.49415204678362573,0.5157894736842106,0.451063829787234,0.453781512605042,0.42679127725856697,0.4738955823293172,0.44776119402985076,0.48641304347826086,0.4782608695652174,0.4460856720827178,0.462882096069869,0.4636118598382749
ai4avp_2,0.6821705426356588,0.6956521739130435,0.7076923076923076,0.6504065040650406,0.6194690265486726,0.704,0.7007299270072993,0.6,0.696969696969697,0.676470588235294,0.6333333333333334,0.7175572519083969,0.5739130434782609,0.6715328467153285,0.7074829931972789,0.7166666666666666,0.6771653543307087,0.6218487394957982,0.7205882352941176,0.7272727272727273,0.6363636363636364,0.7441860465116278,0.71875,0.656,0.7000000000000001,0.6984126984126984,0.752,0.723404255319149,0.7445255474452555,0.6456692913385826,0.6885245901639344,0.7007299270072993,0.6115702479338843,0.5920000000000001,0.7,0.7218045112781954,0.6722689075630253,0.7259259259259259,0.6917293233082706,0.6129032258064516,0.7076923076923076,0.6557377049180328,0.6356589147286822,0.7462686567164178,0.7142857142857143,0.6666666666666667,0.717557251908397,0.7142857142857143,0.6412213740458015,0.704225352112676,0.6239999999999999,0.7518796992481204,0.7179487179487181,0.6771653543307087,0.7218045112781954,0.6976744186046511,0.6016260162601627,0.7575757575757576,0.6440677966101694,0.6818181818181818,0.6771653543307086,0.712121212121212,0.725925925925926,0.6771653543307087,0.7633587786259542,0.7482014388489209,0.6315789473684209,0.7007299270072994,0.6984126984126985,0.696969696969697,0.7200000000000001,0.704,0.6821705426356588,0.7299270072992701,0.6518518518518518,0.6557377049180328,0.7067669172932332,0.6771653543307086,0.6299212598425198,0.6666666666666666,0.7407407407407408,0.6307692307692307,0.6715328467153285,0.6825396825396826,0.6771653543307086,0.6559999999999999,0.8062015503875969,0.7441860465116279,0.6870229007633588,0.625,0.6721311475409836,0.7058823529411764,0.7555555555555556,0.6611570247933883,0.6564885496183206,0.7761194029850746,0.7194244604316549,0.72,0.7111111111111111,0.6870229007633588
aip_aippred,0.3636363636363637,0.43283582089552236,0.3770491803278689,0.44927536231884063,0.421875,0.4122137404580153,0.3252032520325203,0.4427480916030534,0.3538461538461538,0.3759398496240602,0.5185185185185186,0.4186046511627907,0.39344262295081966,0.46258503401360546,0.43750000000000006,0.41860465116279066,0.41739130434782606,0.4166666666666667,0.5211267605633804,0.4769230769230769,0.41025641025641024,0.3787878787878788,0.41269841269841273,0.5135135135135135,0.3870967741935484,0.4714285714285714,0.4551724137931034,0.44444444444444436,0.39416058394160586,0.5277777777777778,0.4094488188976378,0.43661971830985913,0.43609022556390975,0.4817518248175182,0.4444444444444444,0.42553191489361697,0.453125,0.4489795918367347,0.42962962962962964,0.3697478991596639,0.319327731092437,0.3220338983050847,0.5,0.43410852713178294,0.4233576642335767,0.4,0.421875,0.3063063063063063,0.46043165467625896,0.5390070921985816,0.4193548387096774,0.39344262295081966,0.38235294117647056,0.43859649122807015,0.42187499999999994,0.4054054054054054,0.3823529411764706,0.42105263157894735,0.40310077519379844,0.37037037037037035,0.425531914893617,0.40298507462686567,0.46896551724137925,0.3823529411764705,0.4132231404958678,0.4748201438848922,0.4132231404958678,0.3941605839416058,0.40875912408759124,0.460431654676259,0.3709677419354839,0.38333333333333336,0.5428571428571428,0.4132231404958678,0.47692307692307695,0.3787878787878788,0.39344262295081966,0.4,0.4705882352941177,0.37096774193548393,0.3025210084033613,0.38461538461538464,0.3676470588235294,0.396694214876033,0.42647058823529416,0.44274809160305345,0.5106382978723404,0.3759398496240602,0.38655462184873945,0.35,0.3361344537815126,0.3728813559322034,0.3759398496240602,0.35000000000000003,0.4626865671641791,0.45390070921985815,0.4,0.45833333333333337,0.42748091603053434,0.4833333333333334
aip_antiinflam,0.4233576642335766,0.36015325670498083,0.43884892086330934,0.4125874125874125,0.41403508771929826,0.4140625,0.42857142857142855,0.3909774436090226,0.4569288389513108,0.44043321299638993,0.46494464944649444,0.43750000000000006,0.4571428571428572,0.4028268551236749,0.43571428571428567,0.5159010600706714,0.4552238805970149,0.41791044776119407,0.4386617100371748,0.4381625441696113,0.4359861591695502,0.4492753623188406,0.5017421602787456,0.41758241758241754,0.45360824742268047,0.4555160142348754,0.46387832699619774,0.46405228758169936,0.40131578947368424,0.48201438848920863,0.40298507462686567,0.4043321299638989,0.4566929133858268,0.445993031358885,0.4475524475524476,0.4354243542435425,0.4178082191780822,0.46209386281588444,0.4788732394366197,0.4124513618677043,0.45384615384615384,0.38759689922480617,0.4684014869888476,0.43137254901960786,0.460377358490566,0.4742268041237113,0.42446043165467623,0.48630136986301375,0.43795620437956206,0.4626334519572954,0.4631578947368421,0.4102564102564103,0.4468864468864469,0.43010752688172044,0.45255474452554745,0.446096654275093,0.45283018867924524,0.4359861591695502,0.4444444444444444,0.4726027397260274,0.4644194756554307,0.4027777777777778,0.47517730496453897,0.45161290322580644,0.5034013605442177,0.46808510638297873,0.417910447761194,0.4768683274021352,0.43571428571428567,0.5087108013937283,0.5106382978723404,0.4714285714285715,0.4046692607003891,0.4409448818897638,0.3713080168776371,0.48251748251748255,0.44609665427509293,0.4,0.4,0.4397163120567376,0.43389830508474575,0.4280442804428044,0.4444444444444444,0.4436363636363636,0.4452830188679246,0.4575645756457565,0.4178082191780822,0.4848484848484849,0.3967611336032389,0.4265734265734266,0.450592885375494,0.4728682170542636,0.4014084507042253,0.4113475177304965,0.4228187919463088,0.45487364620938625,0.43686006825938567,0.45353159851301117,0.427536231884058,0.4154929577464789
amp_antibp,0.7333333333333334,0.7432432432432432,0.7088607594936709,0.7926829268292682,0.7826086956521738,0.6666666666666666,0.7407407407407408,0.7832167832167832,0.7532467532467533,0.7999999999999999,0.7692307692307692,0.7866666666666665,0.7,0.6622516556291391,0.7179487179487178,0.7814569536423841,0.7162162162162162,0.7482993197278911,0.759493670886076,0.6962962962962963,0.7189542483660131,0.7402597402597403,0.6973684210526315,0.7701863354037267,0.7567567567567567,0.7341772151898734,0.8352941176470589,0.728395061728395,0.7169811320754716,0.6938775510204082,0.765432098765432,0.7469879518072289,0.7534246575342466,0.7453416149068322,0.6573426573426574,0.7549668874172185,0.7922077922077921,0.6986301369863014,0.7631578947368421,0.6861313868613139,0.7022900763358778,0.6559999999999999,0.7532467532467533,0.6928104575163399,0.6962025316455697,0.7928994082840237,0.7549668874172186,0.7096774193548387,0.718954248366013,0.7027027027027025,0.5985401459854014,0.7131782945736433,0.6986301369863013,0.7682119205298013,0.75,0.7162162162162162,0.697986577181208,0.8407643312101911,0.7577639751552796,0.6709677419354838,0.7172413793103449,0.7702702702702703,0.7250000000000001,0.7804878048780488,0.725,0.7530864197530864,0.7619047619047619,0.7654320987654321,0.708860759493671,0.6923076923076924,0.6621621621621623,0.7000000000000001,0.6466165413533834,0.6575342465753425,0.7295597484276729,0.775,0.7123287671232877,0.7195121951219512,0.7948717948717949,0.7466666666666666,0.7101449275362318,0.7228915662650602,0.7083333333333333,0.7183098591549296,0.7210884353741497,0.7042253521126761,0.7407407407407407,0.7162162162162162,0.6896551724137933,0.7374999999999999,0.7044025157232705,0.6714285714285715,0.7530864197530864,0.7974683544303798,0.7682926829268292,0.6511627906976745,0.7692307692307693,0.7647058823529411,0.7878787878787878,0.7272727272727273
amp_antibp2,0.7107438016528925,0.7447447447447447,0.7471264367816093,0.6951566951566952,0.765840220385675,0.7246376811594204,0.7288629737609329,0.7374301675977653,0.7344632768361582,0.7818696883852692,0.7431693989071039,0.7126436781609196,0.6839080459770115,0.7013698630136985,0.7521865889212828,0.7559523809523809,0.7621776504297995,0.7052341597796143,0.7008547008547008,0.7356321839080459,0.7704918032786885,0.7243589743589743,0.6896551724137931,0.7130919220055711,0.6626506024096386,0.7602339181286552,0.7124999999999999,0.7473684210526316,0.7435158501440923,0.75,0.7670454545454546,0.729281767955801,0.7524115755627009,0.7138964577656677,0.7458563535911602,0.75,0.739946380697051,0.718562874251497,0.743202416918429,0.7704918032786885,0.7462686567164178,0.7682926829268293,0.744186046511628,0.7272727272727273,0.7237569060773482,0.7277936962750716,0.717948717948718,0.7989556135770234,0.7402985074626866,0.7062314540059348,0.7096774193548389,0.7335243553008597,0.6744868035190615,0.7436619718309859,0.7257142857142856,0.7209302325581397,0.6843657817109144,0.7747252747252747,0.7671232876712328,0.7356321839080459,0.6979472140762465,0.7740259740259741,0.7470588235294118,0.7272727272727273,0.7464387464387464,0.7005649717514124,0.7353760445682451,0.735042735042735,0.761904761904762,0.7319884726224785,0.7774647887323944,0.7569060773480664,0.747191011235955,0.7621776504297993,0.7790055248618785,0.7750677506775068,0.709480122324159,0.7456647398843931,0.7616279069767441,0.7339449541284404,0.7601078167115903,0.7303370786516854,0.7405247813411078,0.7790697674418604,0.7409470752089137,0.7576601671309191,0.7417582417582418,0.7344632768361582,0.7563025210084033,0.7181008902077152,0.7592067988668556,0.6975308641975309,0.7547169811320755,0.7485714285714284,0.7780979827089336,0.7365269461077844,0.7309941520467838,0.718562874251497,0.6968838526912181,0.7220630372492837
amp_csamp,0.923076923076923,0.9387755102040817,0.9491525423728815,0.9180327868852458,0.8727272727272728,0.9666666666666666,0.888888888888889,0.9259259259259259,0.9259259259259259,0.9056603773584906,0.912280701754386,0.9285714285714286,0.9565217391304348,0.9411764705882353,0.8627450980392156,0.92,0.9354838709677419,0.9090909090909091,0.8852459016393444,0.9056603773584906,0.8571428571428571,0.96,0.8727272727272727,0.9361702127659574,0.9473684210526316,0.9056603773584906,0.9787234042553191,0.9032258064516129,0.9090909090909091,0.8727272727272727,0.7999999999999999,0.9230769230769231,0.8979591836734695,0.9019607843137256,0.9818181818181818,0.9090909090909091,0.9565217391304348,0.8372093023255814,0.9473684210526316,0.9433962264150945,0.9508196721311475,0.9454545454545454,0.9032258064516129,0.9199999999999999,0.9,0.9253731343283583,0.967741935483871,0.9032258064516129,0.9259259259259259,0.9491525423728815,0.8679245283018868,0.9180327868852459,0.9411764705882353,0.9310344827586207,0.8444444444444443,0.9259259259259259,0.9019607843137255,0.8947368421052632,0.8947368421052632,0.8749999999999999,0.923076923076923,0.9285714285714286,0.9433962264150945,0.8771929824561403,0.9333333333333333,0.9428571428571428,0.9259259259259259,0.888888888888889,0.888888888888889,0.9090909090909091,0.9032258064516129,0.9767441860465117,0.9302325581395349,1.0,0.9411764705882353,0.9433962264150945,0.912280701754386,0.8888888888888888,0.9655172413793104,0.9206349206349206,0.923076923076923,0.9056603773584906,0.90625,0.9454545454545454,0.90625,0.9473684210526316,0.9655172413793104,0.9180327868852458,0.955223880597015,0.9491525423728815,0.8571428571428572,0.9152542372881356,0.9454545454545454,0.9230769230769231,0.9142857142857143,0.8979591836734695,0.9600000000000001,0.8852459016393444,0.9199999999999999,0.9285714285714286
amp_fernandes,0.7317073170731707,0.7272727272727272,0.8275862068965518,0.6818181818181818,0.7391304347826088,0.9454545454545454,0.7659574468085107,0.7755102040816326,0.7500000000000001,0.7142857142857143,0.7727272727272727,0.7111111111111111,0.8085106382978724,0.7826086956521738,0.693877551020408,0.8292682926829269,0.7826086956521738,0.7272727272727274,0.7547169811320754,0.6666666666666666,0.711111111111111,0.7692307692307692,0.7450980392156864,0.76,0.7142857142857143,0.7916666666666667,0.7317073170731706,0.7450980392156863,0.7692307692307692,0.8444444444444444,0.6818181818181819,0.823529411764706,0.8163265306122449,0.608695652173913,0.8260869565217391,0.6976744186046512,0.7547169811320756,0.8,0.7727272727272727,0.7222222222222222,0.7391304347826088,0.7199999999999999,0.6976744186046512,0.5789473684210527,0.782608695652174,0.7500000000000001,0.5652173913043478,0.7999999999999999,0.7826086956521738,0.8,0.7906976744186047,0.8275862068965518,0.7272727272727272,0.47058823529411764,0.7555555555555555,0.7692307692307692,0.8500000000000001,0.7083333333333334,0.744186046511628,0.6521739130434783,0.7659574468085107,0.6511627906976744,0.693877551020408,0.7083333333333334,0.693877551020408,0.7924528301886793,0.851063829787234,0.7755102040816326,0.7619047619047619,0.7906976744186046,0.7916666666666666,0.7391304347826089,0.7272727272727272,0.6,0.761904761904762,0.8837209302325582,0.7826086956521738,0.8,0.6666666666666666,0.8399999999999999,0.8275862068965517,0.8,0.8421052631578948,0.7804878048780488,0.6511627906976744,0.7659574468085107,0.6976744186046512,0.6666666666666666,0.7391304347826089,0.8085106382978724,0.7142857142857143,0.875,0.8235294117647058,0.711111111111111,0.723404255319149,0.8070175438596492,0.7222222222222222,0.7826086956521738,0.6956521739130435,0.7755102040816326
amp_gonzales,0.7499999999999999,0.4,0.888888888888889,0.6666666666666666,0.8571428571428571,0.4,0.8,0.888888888888889,0.8571428571428571,0.6666666666666666,0.6666666666666665,0.4,0.5,0.8,0.7499999999999999,0.33333333333333337,0.75,0.5,0.6,0.5454545454545454,0.888888888888889,0.8571428571428571,0.7272727272727273,0.7499999999999999,0.8,0.6666666666666666,0.75,0.888888888888889,0.6666666666666666,0.4,0.6666666666666666,1.0,0.33333333333333337,0.923076923076923,0.4,1.0,1.0,0.4,0.5714285714285715,0.7692307692307693,0.6666666666666666,0.8333333333333333,0.8571428571428571,0.6,0.8,0.6666666666666666,0.8571428571428571,0.6666666666666666,0.7499999999999999,0.6666666666666666,1.0,0.9090909090909091,0.2857142857142857,0.6666666666666666,0.5714285714285715,0.4444444444444445,1.0,0.5714285714285715,0.8333333333333333,0.7499999999999999,0.4,0.888888888888889,0.5454545454545454,0.4,0.7692307692307693,0.7272727272727273,0.5,0.6666666666666666,0.8333333333333333,0.8333333333333333,0.0,0.7499999999999999,0.5454545454545454,0.0,0.3333333333333333,0.8571428571428571,0.8571428571428571,0.4,0.8,0.6666666666666666,0.7499999999999999,0.5,0.7272727272727273,0.7272727272727273,0.33333333333333337,0.7692307692307693,0.6666666666666666,0.5,0.5,0.7142857142857143,0.8,0.8,0.8571428571428571,0.8,0.5714285714285715,0.5714285714285715,0.4444444444444445,0.4,0.6,0.8
amp_iamp2l,0.7945205479452055,0.8051948051948052,0.7877094972067038,0.7922437673130194,0.772845953002611,0.7657142857142858,0.7813411078717202,0.7967032967032968,0.789041095890411,0.7921348314606741,0.7713498622589532,0.7723342939481269,0.7534626038781165,0.7804878048780488,0.7845303867403316,0.8021108179419525,0.7416413373860182,0.7865168539325842,0.8100558659217878,0.779291553133515,0.8385416666666667,0.7891891891891892,0.7252747252747253,0.7371428571428571,0.7816091954022989,0.7580174927113702,0.8203883495145631,0.7890410958904109,0.8056338028169014,0.7880434782608695,0.7875000000000001,0.7722222222222224,0.8021978021978022,0.7828418230563003,0.7390029325513197,0.7647058823529412,0.7734806629834253,0.7877094972067039,0.8022922636103151,0.7606382978723404,0.7640449438202248,0.7989821882951654,0.7574257425742573,0.7707006369426751,0.7559523809523809,0.8365650969529086,0.7988668555240794,0.8010471204188481,0.7549295774647887,0.7485029940119761,0.8378378378378377,0.7765957446808511,0.8222811671087534,0.7485029940119761,0.7922437673130194,0.784741144414169,0.7767584097859327,0.8062015503875969,0.7674418604651163,0.823529411764706,0.7441860465116279,0.7894736842105263,0.7851002865329513,0.7741935483870968,0.8089330024813896,0.8067226890756303,0.8031496062992126,0.7729729729729728,0.7541899441340782,0.7774798927613942,0.819672131147541,0.7830687830687831,0.7989821882951654,0.7663043478260869,0.7922437673130193,0.7553191489361701,0.7514792899408285,0.8093994778067884,0.7518427518427517,0.7941176470588235,0.814404432132964,0.7728459530026109,0.7672634271099744,0.7542857142857142,0.7616279069767442,0.7750677506775068,0.8080808080808081,0.7780678851174935,0.7911392405063292,0.7988826815642457,0.7978723404255319,0.7894736842105262,0.7492957746478873,0.7754010695187166,0.7563025210084034,0.7748691099476441,0.7754010695187166,0.8010752688172044,0.7955801104972375,0.7888040712468193
amp_modlamp,0.878048780487805,0.8576923076923076,0.8429423459244534,0.8644400785854617,0.8729281767955801,0.8659003831417624,0.8815533980582524,0.8841698841698842,0.8670520231213874,0.8939929328621908,0.8715083798882682,0.8659793814432989,0.8678500986193294,0.8964285714285715,0.8732394366197183,0.875,0.8441814595660749,0.8913043478260869,0.8633663366336635,0.8852459016393442,0.8836363636363636,0.8786127167630057,0.888030888030888,0.8810916179337231,0.8628884826325413,0.900383141762452,0.8816029143897995,0.8814159292035398,0.8703703703703703,0.8747731397459165,0.8847583643122676,0.8620037807183365,0.8722627737226276,0.8958333333333334,0.8828125,0.8863636363636365,0.8901303538175046,0.8981818181818181,0.8653846153846154,0.8652751423149905,0.873394495412844,0.874251497005988,0.9158878504672897,0.8875968992248062,0.888888888888889,0.8609523809523809,0.870722433460076,0.8678500986193294,0.8543689320388349,0.8470588235294119,0.8711433756805809,0.8812260536398469,0.8695652173913043,0.8675623800383878,0.8529945553539019,0.8715083798882682,0.8798449612403101,0.9021739130434784,0.866171003717472,0.8401486988847584,0.8587786259541985,0.8677042801556419,0.8829174664107485,0.8759398496240601,0.8716094032549729,0.8761552680221811,0.8652751423149906,0.8710937499999999,0.8949275362318841,0.8918406072106262,0.8728652751423149,0.8838951310861424,0.8791208791208791,0.864244741873805,0.8500000000000001,0.8750000000000001,0.8414634146341463,0.8953687821612349,0.8872458410351202,0.8714011516314779,0.897196261682243,0.8956356736242884,0.8717948717948718,0.8527724665391969,0.8371134020618558,0.8826815642458101,0.8770642201834863,0.8864059590316573,0.8777777777777778,0.8689407540394972,0.8960573476702509,0.8679245283018868,0.8910133843212238,0.8856088560885608,0.8727272727272728,0.8931297709923665,0.8657314629258517,0.8718929254302102,0.8847583643122676,0.8893058161350844
atb_antitbp,0.6808510638297872,0.6744186046511628,0.7083333333333334,0.7047619047619047,0.74,0.7096774193548386,0.7070707070707071,0.7954545454545455,0.6451612903225806,0.7096774193548386,0.7835051546391754,0.6741573033707865,0.6909090909090909,0.7415730337078651,0.6938775510204083,0.6336633663366336,0.6739130434782609,0.6027397260273972,0.6862745098039216,0.5894736842105263,0.6526315789473683,0.7659574468085107,0.7311827956989247,0.7676767676767676,0.7608695652173914,0.6804123711340206,0.6666666666666666,0.6341463414634145,0.6956521739130435,0.7547169811320754,0.7234042553191489,0.6530612244897959,0.7191011235955056,0.6086956521739131,0.6736842105263158,0.792079207920792,0.7692307692307693,0.736842105263158,0.7647058823529411,0.6526315789473683,0.7096774193548386,0.6506024096385543,0.6265060240963856,0.7289719626168223,0.7619047619047619,0.6666666666666666,0.7096774193548387,0.711111111111111,0.7096774193548387,0.7142857142857144,0.7169811320754718,0.6923076923076923,0.6881720430107526,0.6799999999999999,0.7422680412371133,0.6458333333333334,0.7234042553191491,0.7083333333333334,0.7346938775510204,0.5869565217391304,0.6813186813186813,0.6744186046511628,0.707070707070707,0.7128712871287128,0.65,0.6666666666666666,0.7307692307692308,0.6896551724137931,0.7083333333333334,0.6851851851851853,0.6595744680851063,0.7291666666666667,0.7058823529411765,0.673469387755102,0.7422680412371133,0.7252747252747254,0.6458333333333333,0.7551020408163265,0.7272727272727272,0.7157894736842104,0.7400000000000001,0.7200000000000001,0.6966292134831461,0.7446808510638299,0.6476190476190475,0.7333333333333333,0.7999999999999999,0.707070707070707,0.6534653465346534,0.6605504587155964,0.6595744680851064,0.7142857142857143,0.7872340425531915,0.6868686868686869,0.6666666666666666,0.6862745098039215,0.6222222222222223,0.8000000000000002,0.7586206896551724,0.7599999999999999
atb_iantitb,0.7083333333333334,0.5432098765432098,0.6304347826086957,0.6451612903225807,0.74,0.6292134831460675,0.7142857142857142,0.6804123711340206,0.702127659574468,0.702127659574468,0.6938775510204083,0.6966292134831461,0.6136363636363636,0.6336633663366337,0.6304347826086957,0.5979381443298969,0.7272727272727272,0.6595744680851063,0.6296296296296297,0.5918367346938775,0.5918367346938775,0.7524752475247525,0.5918367346938775,0.6407766990291262,0.6037735849056605,0.6526315789473685,0.6915887850467289,0.6024096385542168,0.693069306930693,0.7339449541284404,0.7200000000000001,0.6862745098039216,0.7070707070707071,0.6170212765957447,0.6451612903225806,0.6728971962616823,0.7387387387387387,0.574468085106383,0.7238095238095239,0.6881720430107527,0.5858585858585857,0.7289719626168225,0.6117647058823529,0.7272727272727273,0.6796116504854368,0.6597938144329897,0.6352941176470588,0.5882352941176471,0.6117647058823529,0.6391752577319587,0.7169811320754718,0.6222222222222222,0.6808510638297872,0.6990291262135924,0.5617977528089887,0.72,0.6956521739130435,0.6363636363636364,0.6862745098039216,0.6956521739130435,0.5432098765432098,0.7450980392156864,0.7184466019417475,0.7413793103448276,0.6,0.5625000000000001,0.7216494845360826,0.6732673267326732,0.6105263157894737,0.5940594059405941,0.6458333333333334,0.5957446808510638,0.68,0.6666666666666666,0.6444444444444445,0.7070707070707072,0.7547169811320754,0.7070707070707072,0.627450980392157,0.6868686868686867,0.69811320754717,0.6804123711340205,0.6804123711340208,0.5957446808510639,0.6021505376344085,0.7647058823529411,0.6476190476190475,0.7256637168141593,0.7339449541284404,0.6326530612244898,0.6190476190476191,0.6868686868686869,0.7291666666666666,0.7326732673267325,0.5999999999999999,0.6382978723404256,0.5999999999999999,0.6136363636363636,0.6732673267326733,0.6476190476190475
avp_amppred,0.7034482758620688,0.7000000000000001,0.6757679180887372,0.6989619377162629,0.7066666666666666,0.736842105263158,0.6545454545454545,0.7152317880794701,0.7058823529411765,0.7188612099644128,0.6690391459074734,0.6805555555555556,0.7197231833910035,0.710801393728223,0.6981818181818181,0.6548042704626336,0.7315436241610739,0.674074074074074,0.6341463414634146,0.6480836236933797,0.7191780821917808,0.7094594594594594,0.6690647482014389,0.6970684039087948,0.6891891891891891,0.738562091503268,0.6643109540636043,0.692857142857143,0.722972972972973,0.6983050847457627,0.7407407407407408,0.6832740213523132,0.7567567567567567,0.6920415224913495,0.6805555555555556,0.7226277372262775,0.7162162162162162,0.7034482758620689,0.6824324324324325,0.7372013651877132,0.6872852233676975,0.7103448275862069,0.6763636363636364,0.7186440677966102,0.7285714285714284,0.6524822695035462,0.7379310344827587,0.7000000000000001,0.6884057971014493,0.7508305647840532,0.6830985915492958,0.6254295532646049,0.7326732673267327,0.7216494845360826,0.6881720430107527,0.726643598615917,0.7331189710610932,0.7249190938511327,0.7229729729729731,0.7728813559322033,0.6759581881533101,0.6976744186046512,0.7516339869281046,0.7172413793103448,0.7315436241610738,0.6857142857142857,0.6394052044609665,0.7315436241610739,0.7028985507246377,0.6986301369863013,0.7010309278350515,0.6938775510204082,0.7465753424657534,0.7118644067796611,0.6716417910447762,0.759581881533101,0.685512367491166,0.6666666666666666,0.7567567567567568,0.7003367003367004,0.6785714285714286,0.7482993197278911,0.7533333333333333,0.6917293233082707,0.7079037800687284,0.6791044776119404,0.6548042704626335,0.676470588235294,0.7254901960784313,0.7311827956989247,0.7474048442906573,0.7106227106227107,0.7284768211920529,0.6506849315068494,0.7087719298245615,0.6983050847457627,0.6891385767790263,0.7266435986159169,0.6620689655172414,0.7142857142857144
avp_avppred,0.7433628318584072,0.7782101167315175,0.7634854771784231,0.7540983606557377,0.785425101214575,0.7800829875518671,0.7763713080168776,0.7949790794979079,0.8395061728395062,0.7795275590551181,0.7413793103448276,0.7692307692307693,0.7808764940239045,0.8207171314741035,0.8017241379310344,0.7203389830508474,0.8119658119658121,0.819672131147541,0.7572016460905349,0.7500000000000001,0.7999999999999999,0.768,0.768595041322314,0.8286852589641435,0.7692307692307693,0.7583333333333333,0.8298755186721991,0.8110236220472441,0.7937743190661478,0.8062015503875968,0.7652173913043477,0.808,0.8067226890756303,0.7890624999999999,0.7952755905511811,0.8514056224899599,0.7666666666666666,0.8085106382978724,0.8560311284046693,0.8181818181818182,0.8048780487804877,0.7354260089686098,0.8239700374531835,0.7607843137254903,0.8240343347639485,0.7999999999999999,0.7876106194690264,0.8354430379746836,0.8049792531120331,0.8080000000000002,0.816,0.7818930041152264,0.8145161290322581,0.8163265306122448,0.8188976377952757,0.7874015748031497,0.7394957983193278,0.7611336032388664,0.7661290322580645,0.7905138339920948,0.7983193277310925,0.7572016460905351,0.804780876494024,0.7886178861788617,0.7763713080168776,0.7686274509803922,0.7652173913043478,0.8117154811715481,0.7984790874524715,0.7854251012145748,0.7935222672064778,0.7763713080168776,0.7547169811320754,0.782258064516129,0.816326530612245,0.8076923076923077,0.8068669527896997,0.7984189723320158,0.84251968503937,0.8047808764940239,0.8333333333333333,0.7883817427385892,0.721030042918455,0.8135593220338982,0.7883817427385893,0.7808764940239042,0.8093385214007782,0.7826086956521738,0.7792207792207793,0.8517110266159696,0.816,0.8016528925619835,0.8095238095238095,0.7932489451476793,0.7808764940239045,0.7574468085106384,0.756972111553785,0.792,0.7968749999999999,0.8300395256916997
bce_ibce,0.5678391959798995,0.47353760445682447,0.4881889763779528,0.46965699208443273,0.5380710659898477,0.5013054830287206,0.5519125683060109,0.48275862068965514,0.4702702702702703,0.5172413793103448,0.5053191489361701,0.5529715762273902,0.526595744680851,0.532994923857868,0.546875,0.555256064690027,0.5162907268170426,0.44385026737967914,0.5308310991957104,0.5541561712846347,0.5,0.5576407506702413,0.5053191489361701,0.4797843665768194,0.5151515151515151,0.5040650406504065,0.5693430656934306,0.513715710723192,0.4722222222222222,0.5162907268170426,0.5038167938931298,0.5121293800539084,0.4987012987012986,0.5105263157894737,0.5319148936170213,0.4654731457800511,0.4878048780487805,0.5477386934673367,0.481994459833795,0.5635910224438903,0.5132275132275133,0.5,0.5360824742268041,0.5027322404371585,0.45892351274787535,0.4278350515463918,0.5793450881612091,0.49056603773584906,0.48238482384823844,0.46739130434782605,0.5284974093264249,0.49479166666666663,0.47058823529411764,0.5316455696202532,0.5368421052631579,0.5576923076923077,0.5105263157894736,0.5151515151515151,0.5,0.5138539042821159,0.5066666666666667,0.4728260869565217,0.4746666666666667,0.4661246612466125,0.5038560411311055,0.5440806045340051,0.525,0.5208845208845209,0.5544041450777202,0.4913151364764268,0.49230769230769234,0.4712041884816754,0.5138539042821159,0.5025906735751295,0.4816753926701571,0.5204081632653061,0.4591029023746702,0.5172413793103448,0.5380434782608696,0.4894736842105264,0.5477386934673366,0.5075376884422111,0.5706521739130435,0.49180327868852464,0.47123287671232883,0.5809768637532133,0.5012787723785167,0.4779220779220779,0.4973544973544973,0.515625,0.5628140703517588,0.5918367346938775,0.4781491002570694,0.5012787723785166,0.5354330708661418,0.48753462603878117,0.5367088607594936,0.5343915343915344,0.49479166666666663,0.45866666666666667
c2pred,0.6493506493506495,0.6258503401360545,0.6708074534161491,0.6486486486486487,0.6013071895424836,0.6805555555555556,0.7297297297297296,0.7074829931972789,0.6315789473684211,0.6802721088435374,0.6586826347305389,0.6530612244897959,0.6749999999999999,0.632258064516129,0.758169934640523,0.6973684210526315,0.6470588235294118,0.6527777777777777,0.6438356164383561,0.6712328767123287,0.6753246753246752,0.6578947368421053,0.6289308176100629,0.713375796178344,0.7189542483660132,0.6838709677419355,0.6842105263157896,0.7030303030303031,0.7116564417177914,0.7261146496815286,0.6832298136645963,0.7044025157232704,0.6835443037974683,0.6835443037974683,0.6967741935483871,0.6474820143884893,0.6142857142857143,0.6451612903225806,0.6845637583892618,0.72,0.6231884057971016,0.5957446808510637,0.6535947712418301,0.7393939393939394,0.6666666666666666,0.6081081081081082,0.6540880503144653,0.72,0.6842105263157895,0.6438356164383562,0.6577181208053692,0.6666666666666666,0.632258064516129,0.6623376623376623,0.7594936708860759,0.6938775510204082,0.5915492957746479,0.6486486486486487,0.6710526315789473,0.6134969325153374,0.5774647887323944,0.6712328767123288,0.6193548387096774,0.7215189873417721,0.7123287671232876,0.662251655629139,0.7236842105263158,0.6451612903225807,0.56,0.6710526315789473,0.6068965517241379,0.7114093959731544,0.6521739130434783,0.6986301369863014,0.7027027027027027,0.6363636363636364,0.5960264900662252,0.7123287671232876,0.6174496644295303,0.6577181208053691,0.7123287671232875,0.735632183908046,0.6618705035971224,0.6938775510204083,0.6176470588235294,0.773006134969325,0.6946107784431138,0.6946107784431138,0.7019867549668874,0.7066666666666668,0.5789473684210527,0.6197183098591549,0.7393939393939394,0.6967741935483872,0.7012987012987013,0.7236842105263158,0.6797385620915033,0.7210884353741497,0.6909090909090908,0.6111111111111112
cppsite1,0.7659574468085106,0.797153024911032,0.7985611510791368,0.7916666666666666,0.7854545454545454,0.784,0.7816091954022988,0.8104575163398693,0.8080808080808081,0.7927272727272728,0.7719298245614035,0.7816901408450704,0.8089887640449438,0.7518248175182483,0.7985611510791367,0.7680608365019012,0.7816091954022989,0.7959183673469388,0.7686567164179104,0.7761194029850746,0.7755102040816326,0.8142857142857143,0.7756653992395438,0.7709923664122138,0.8102189781021898,0.7326007326007327,0.8531468531468531,0.7719298245614036,0.7777777777777778,0.8185053380782918,0.7481481481481481,0.8028169014084507,0.7653429602888087,0.8028673835125448,0.8041958041958042,0.7912087912087913,0.7801418439716313,0.7573529411764706,0.7340823970037453,0.7942238267148015,0.75177304964539,0.803030303030303,0.7953667953667954,0.7703703703703704,0.8074074074074075,0.8247422680412372,0.8088235294117646,0.7878787878787878,0.7588932806324111,0.7518796992481201,0.8201438848920863,0.7671232876712328,0.7956204379562043,0.7664233576642335,0.7692307692307692,0.7808219178082191,0.8040540540540542,0.7781818181818181,0.8150943396226414,0.7916666666666666,0.8444444444444443,0.736111111111111,0.8266666666666665,0.7969348659003831,0.7908745247148289,0.7529411764705882,0.801418439716312,0.8206896551724138,0.7859922178988326,0.7593220338983052,0.7958477508650519,0.8384879725085911,0.8102189781021898,0.7642857142857143,0.7916666666666666,0.7526881720430109,0.823529411764706,0.8131868131868132,0.8368794326241135,0.801498127340824,0.8118081180811808,0.8118081180811807,0.7908745247148288,0.7871485943775101,0.8041958041958043,0.7601476014760147,0.7905405405405406,0.7777777777777778,0.801470588235294,0.7472527472527473,0.7734375,0.7294117647058823,0.7816091954022989,0.7626459143968871,0.8071428571428572,0.7580645161290323,0.7722007722007722,0.7927272727272727,0.7709090909090909,0.8280701754385965
cppsite2,0.8205128205128205,0.7605633802816902,0.7567567567567567,0.8108108108108109,0.8860759493670887,0.7894736842105263,0.7499999999999999,0.8307692307692308,0.759493670886076,0.6969696969696971,0.7945205479452054,0.8000000000000002,0.7796610169491527,0.7246376811594203,0.7058823529411765,0.7619047619047619,0.8292682926829267,0.7777777777777778,0.7605633802816902,0.7951807228915663,0.8405797101449276,0.8648648648648649,0.8405797101449276,0.7894736842105262,0.8235294117647058,0.7761194029850748,0.8266666666666665,0.7941176470588235,0.8656716417910447,0.8192771084337349,0.7560975609756099,0.7575757575757576,0.7536231884057971,0.7301587301587302,0.7671232876712328,0.8205128205128205,0.7733333333333334,0.6956521739130435,0.8354430379746836,0.7710843373493975,0.8,0.8115942028985507,0.8533333333333334,0.7397260273972601,0.8354430379746837,0.7631578947368421,0.7826086956521738,0.7164179104477612,0.8055555555555556,0.7076923076923077,0.7894736842105263,0.7536231884057971,0.6470588235294118,0.7692307692307692,0.7142857142857142,0.7567567567567567,0.7901234567901235,0.8101265822784809,0.7733333333333334,0.8048780487804877,0.8266666666666665,0.7222222222222222,0.7887323943661971,0.7096774193548386,0.7714285714285715,0.7441860465116279,0.8,0.793103448275862,0.823529411764706,0.7560975609756098,0.7500000000000001,0.7631578947368421,0.7894736842105262,0.7848101265822784,0.8055555555555555,0.8219178082191781,0.7906976744186046,0.7848101265822786,0.7733333333333334,0.7352941176470588,0.7435897435897435,0.8311688311688312,0.8219178082191781,0.8533333333333334,0.7848101265822786,0.7605633802816902,0.7671232876712328,0.8048780487804879,0.9014084507042254,0.75,0.7536231884057971,0.8354430379746836,0.7105263157894737,0.7500000000000001,0.75,0.810126582278481,0.7894736842105263,0.8333333333333333,0.8571428571428572,0.7816091954022989
cppsite3,0.5500000000000002,0.6388888888888888,0.6233766233766234,0.5866666666666667,0.6835443037974683,0.5915492957746479,0.5641025641025641,0.6578947368421053,0.5641025641025642,0.6027397260273972,0.625,0.64,0.47058823529411764,0.611111111111111,0.6493506493506495,0.6829268292682927,0.675,0.6388888888888888,0.619718309859155,0.5569620253164557,0.4931506849315069,0.6086956521739131,0.7105263157894738,0.6923076923076923,0.7073170731707317,0.5789473684210527,0.5974025974025973,0.6478873239436619,0.5675675675675675,0.7294117647058822,0.5789473684210527,0.6052631578947368,0.6233766233766234,0.5846153846153845,0.6233766233766234,0.5866666666666667,0.675,0.625,0.5753424657534247,0.6419753086419753,0.6753246753246753,0.6233766233766234,0.6976744186046511,0.5833333333333334,0.6835443037974683,0.6499999999999999,0.6419753086419754,0.6493506493506493,0.5714285714285715,0.5454545454545455,0.6352941176470588,0.6133333333333333,0.5882352941176471,0.6493506493506495,0.5526315789473684,0.5882352941176471,0.6153846153846153,0.5897435897435898,0.6133333333333332,0.6666666666666666,0.6075949367088608,0.5405405405405405,0.6133333333333332,0.626865671641791,0.7466666666666666,0.5813953488372093,0.6410256410256411,0.6111111111111112,0.6399999999999999,0.6904761904761906,0.627906976744186,0.6976744186046512,0.7142857142857143,0.5822784810126581,0.5897435897435899,0.6436781609195402,0.7252747252747253,0.6153846153846153,0.6933333333333334,0.5555555555555556,0.6666666666666667,0.6329113924050633,0.6233766233766234,0.6835443037974684,0.6923076923076923,0.6265060240963856,0.6153846153846153,0.7173913043478262,0.689655172413793,0.6301369863013699,0.47368421052631576,0.6428571428571429,0.6329113924050633,0.6753246753246752,0.674698795180723,0.691358024691358,0.6301369863013699,0.6493506493506495,0.7272727272727273,0.5822784810126583
cpp_cellppd,0.7804878048780488,0.7935483870967742,0.7284768211920529,0.7492063492063491,0.7746031746031746,0.7534246575342464,0.7934426229508198,0.8163265306122449,0.8123076923076924,0.7817589576547231,0.7632508833922261,0.7801857585139319,0.7458745874587459,0.7753846153846153,0.781456953642384,0.7381703470031545,0.8109756097560975,0.8064516129032259,0.7770700636942676,0.7261146496815285,0.7682926829268293,0.7937500000000001,0.8024316109422492,0.7823343848580441,0.7912772585669782,0.7586206896551724,0.8115015974440895,0.8111455108359134,0.7712418300653594,0.7581699346405228,0.7870967741935484,0.7449664429530202,0.7959183673469388,0.744336569579288,0.7865853658536586,0.8136645962732919,0.7925696594427244,0.7870967741935484,0.787878787878788,0.7828947368421051,0.7522935779816514,0.7054794520547946,0.7863777089783281,0.7590759075907592,0.7948717948717949,0.77602523659306,0.7848101265822784,0.7628205128205128,0.8178913738019169,0.7692307692307692,0.7766990291262137,0.7973421926910299,0.8190476190476191,0.7850467289719627,0.8012618296529969,0.7630769230769231,0.7999999999999998,0.7889908256880733,0.7898089171974523,0.7352941176470589,0.7741935483870968,0.7548387096774193,0.8289855072463769,0.7975077881619937,0.7516778523489932,0.782608695652174,0.764505119453925,0.7687074829931972,0.7909967845659164,0.7949526813880127,0.7843137254901961,0.7731629392971245,0.7953216374269007,0.7796610169491525,0.7834394904458599,0.7911392405063291,0.8164556962025316,0.7871720116618075,0.80625,0.7414330218068537,0.8025477707006369,0.7667731629392972,0.7492063492063491,0.7741935483870966,0.8126984126984127,0.7702265372168285,0.8011869436201781,0.8037383177570093,0.7815384615384615,0.782608695652174,0.8318042813455657,0.78,0.8297213622291022,0.8085106382978723,0.7818181818181819,0.7920792079207922,0.752542372881356,0.7756410256410257,0.7522935779816513,0.8328445747800586
cpp_cellppdmod,0.8642857142857143,0.8188405797101448,0.8226415094339623,0.8290909090909091,0.8707482993197279,0.8384615384615385,0.8394160583941606,0.8417508417508418,0.847457627118644,0.852233676975945,0.8288973384030419,0.8043478260869564,0.874015748031496,0.8373702422145328,0.8181818181818182,0.791044776119403,0.8059701492537313,0.881118881118881,0.8384615384615385,0.84251968503937,0.8466666666666668,0.8163265306122449,0.8212927756653993,0.8484848484848484,0.8243727598566308,0.8532423208191127,0.81203007518797,0.8259385665529011,0.7915194346289752,0.8088235294117647,0.8489208633093526,0.8581314878892734,0.8382352941176471,0.8439716312056739,0.7905405405405405,0.8533333333333334,0.8489208633093526,0.8058608058608059,0.8351648351648352,0.8439716312056738,0.8522336769759451,0.8387096774193549,0.8043478260869565,0.7915194346289753,0.8296296296296296,0.8620689655172414,0.7925925925925925,0.8474576271186441,0.7773584905660378,0.8384615384615384,0.8602941176470588,0.8172043010752688,0.8395904436860069,0.827338129496403,0.8,0.8776978417266187,0.8143322475570033,0.8805460750853242,0.8218181818181819,0.8368794326241135,0.8736462093862817,0.8380281690140845,0.8333333333333334,0.8285714285714286,0.8257575757575756,0.8551724137931034,0.8260869565217391,0.8303249097472923,0.8197879858657243,0.807142857142857,0.8441558441558441,0.8153310104529615,0.862453531598513,0.8195488721804511,0.8321167883211679,0.8030303030303031,0.8413284132841328,0.8428571428571429,0.7955390334572492,0.7737226277372262,0.8387096774193549,0.8591549295774648,0.8439716312056738,0.8114754098360656,0.8273381294964028,0.8627450980392158,0.8620689655172413,0.8458781362007168,0.8541666666666666,0.851063829787234,0.7955390334572492,0.8436363636363636,0.8076923076923077,0.8339483394833948,0.8581560283687943,0.8297872340425532,0.8114754098360656,0.8166089965397925,0.8506493506493507,0.8413793103448276
cpp_cppredfl,0.7700534759358288,0.7434554973821988,0.7722772277227723,0.7513227513227514,0.7715736040609137,0.798076923076923,0.7411167512690354,0.7525773195876289,0.746268656716418,0.78,0.7724867724867726,0.7623762376237624,0.7329842931937174,0.7675675675675675,0.7065217391304348,0.743455497382199,0.7586206896551725,0.801980198019802,0.7486631016042781,0.7439613526570049,0.7448979591836735,0.7487684729064039,0.7659574468085106,0.761904761904762,0.7738693467336684,0.7272727272727272,0.7912087912087913,0.6989247311827956,0.73,0.7807486631016043,0.7628865979381443,0.7909604519774011,0.7487179487179487,0.7309644670050762,0.7714285714285715,0.7619047619047619,0.7634408602150536,0.7311827956989247,0.6979166666666667,0.7916666666666665,0.8021390374331551,0.7474747474747474,0.7513227513227513,0.7411167512690356,0.7582417582417583,0.7525773195876287,0.6875,0.7623762376237625,0.7487179487179487,0.7472527472527474,0.6868686868686867,0.730964467005076,0.748768472906404,0.770053475935829,0.7431693989071038,0.7684210526315789,0.746268656716418,0.7165775401069518,0.7653061224489797,0.6961325966850829,0.6923076923076923,0.7021276595744681,0.7487684729064039,0.7958115183246073,0.7400000000000001,0.7807486631016042,0.7692307692307693,0.7403314917127071,0.7195767195767195,0.693069306930693,0.7959183673469389,0.6631016042780749,0.7474747474747475,0.6842105263157895,0.7789473684210526,0.7513227513227513,0.7783251231527093,0.7567567567567567,0.6704545454545455,0.7236180904522612,0.7789473684210526,0.7085714285714285,0.6802030456852792,0.7486631016042781,0.7619047619047619,0.7342995169082126,0.7322404371584699,0.7142857142857142,0.7547169811320754,0.7634408602150538,0.7794871794871795,0.7675675675675675,0.7472527472527473,0.72636815920398,0.7243243243243243,0.7058823529411765,0.7761194029850746,0.7171717171717172,0.7634408602150536,0.761904761904762
cpp_ind,0.7727272727272727,0.8571428571428572,0.8799999999999999,0.8648648648648648,0.7027027027027027,0.7916666666666666,0.8979591836734695,0.6666666666666666,0.717948717948718,0.8,0.7441860465116279,0.7916666666666666,0.782608695652174,0.6666666666666667,0.7906976744186046,0.7111111111111111,0.7441860465116279,0.8108108108108107,0.8333333333333333,0.7142857142857143,0.742857142857143,0.8717948717948718,0.6500000000000001,0.6842105263157895,0.7692307692307692,0.7272727272727272,0.7142857142857143,0.8125,0.7906976744186046,0.7804878048780488,0.6222222222222222,0.5945945945945946,0.8636363636363636,0.7058823529411765,0.8571428571428572,0.7555555555555555,0.8636363636363635,0.6875,0.6,0.6976744186046512,0.8292682926829269,0.7727272727272727,0.7692307692307692,0.8627450980392156,0.8372093023255814,0.8181818181818182,0.8333333333333333,0.7083333333333334,0.7368421052631579,0.7906976744186046,0.65,0.6808510638297872,0.7916666666666667,0.717948717948718,0.6285714285714286,0.55,0.8076923076923077,0.6285714285714287,0.6857142857142857,0.5882352941176471,0.8444444444444444,0.7317073170731706,0.7500000000000001,0.65,0.7741935483870969,0.7317073170731708,0.7499999999999999,0.8444444444444443,0.8421052631578947,0.7391304347826088,0.7659574468085107,0.7000000000000001,0.8085106382978724,0.7692307692307692,0.6857142857142857,0.6956521739130435,0.6222222222222222,0.7692307692307693,0.7500000000000001,0.6190476190476191,0.8627450980392156,0.7999999999999999,0.8947368421052632,0.8421052631578948,0.8,0.7999999999999999,0.7000000000000001,0.8800000000000001,0.7755102040816326,0.7000000000000001,0.7826086956521738,0.7906976744186046,0.6818181818181819,0.6956521739130435,0.6666666666666666,0.8333333333333333,0.6666666666666666,0.8292682926829269,0.8372093023255814,0.7916666666666667
cpp_kelmcpp,0.6632653061224489,0.7592592592592593,0.7357512953367875,0.7342995169082124,0.7184466019417476,0.717948717948718,0.7053140096618358,0.7459459459459459,0.712871287128713,0.7715736040609137,0.7668393782383419,0.6914893617021277,0.7422680412371135,0.6417112299465241,0.708994708994709,0.787878787878788,0.6736842105263158,0.6842105263157895,0.7127659574468085,0.7252747252747253,0.7511737089201878,0.731958762886598,0.7411167512690356,0.6702702702702702,0.7301587301587302,0.6918918918918919,0.7081339712918661,0.6915887850467289,0.7487684729064039,0.7450980392156863,0.731958762886598,0.7614213197969544,0.7638190954773869,0.75,0.7150837988826816,0.7699999999999999,0.7572815533980582,0.7692307692307692,0.7487179487179486,0.7826086956521738,0.6900000000000001,0.7209302325581396,0.7524752475247525,0.7253886010362693,0.73,0.7536231884057971,0.7474747474747475,0.6633165829145728,0.7605633802816902,0.7623762376237623,0.7282051282051282,0.6740331491712708,0.7368421052631577,0.7363184079601991,0.7586206896551724,0.7040816326530612,0.6808510638297873,0.6990291262135921,0.7450980392156863,0.7465437788018432,0.7513227513227514,0.7113402061855669,0.6844919786096256,0.7010309278350516,0.7076923076923077,0.6961325966850829,0.7213114754098362,0.7731958762886598,0.7641509433962264,0.6701030927835052,0.7513227513227514,0.7010309278350516,0.6903553299492386,0.7431693989071038,0.7499999999999999,0.729064039408867,0.6990291262135923,0.76056338028169,0.7339449541284404,0.7015706806282722,0.7661691542288558,0.6448087431693988,0.7669902912621359,0.71875,0.7309644670050761,0.7225130890052356,0.7487179487179486,0.7647058823529412,0.7384615384615385,0.7450980392156863,0.6910994764397905,0.6483516483516484,0.7171717171717172,0.74,0.7904761904761904,0.7446808510638298,0.7135678391959798,0.7837837837837838,0.7864077669902912,0.7272727272727273
cpp_mixed,0.909090909090909,0.717948717948718,0.8292682926829269,0.8372093023255814,0.8181818181818182,0.8181818181818182,0.9047619047619048,0.8571428571428571,0.888888888888889,0.9333333333333332,0.9333333333333333,0.8837209302325582,0.888888888888889,0.8636363636363635,0.8636363636363636,0.8421052631578947,0.7906976744186047,0.9361702127659575,0.9047619047619048,0.7804878048780487,0.8181818181818182,0.8695652173913043,0.9268292682926829,0.7804878048780488,0.8936170212765958,0.8372093023255813,0.888888888888889,0.7692307692307692,0.8780487804878049,0.8181818181818182,0.7804878048780487,0.8936170212765958,0.8095238095238095,0.7804878048780487,0.888888888888889,0.9130434782608695,0.9333333333333333,0.7906976744186046,0.8837209302325583,0.8837209302325582,0.8936170212765957,0.7906976744186047,0.8636363636363635,0.9090909090909091,0.9302325581395349,0.8421052631578948,0.9130434782608695,0.8571428571428571,0.7999999999999999,0.8444444444444444,0.888888888888889,0.8571428571428572,0.9130434782608695,0.888888888888889,0.8837209302325582,0.7804878048780488,0.8695652173913043,0.8444444444444444,0.8181818181818181,0.6842105263157895,0.7999999999999999,0.8444444444444444,0.7999999999999999,0.8205128205128205,0.85,0.8372093023255813,0.7906976744186046,0.8837209302325582,0.7692307692307693,0.8837209302325583,0.8837209302325583,0.7804878048780488,0.7894736842105262,0.9361702127659575,0.9361702127659575,0.8837209302325583,0.8780487804878048,0.8571428571428571,0.9583333333333334,0.909090909090909,0.8695652173913044,0.9361702127659575,0.8,0.8095238095238096,0.8636363636363635,0.75,0.9090909090909091,0.9565217391304348,0.878048780487805,0.7804878048780487,0.7692307692307692,0.8292682926829269,0.8292682926829269,0.8695652173913044,0.7499999999999999,0.8372093023255814,0.9130434782608696,0.8837209302325582,0.8372093023255813,0.7906976744186047
cpp_mlcpp,0.7007874015748031,0.6581196581196581,0.6607142857142857,0.5887850467289719,0.6484018264840182,0.7172995780590716,0.6695652173913045,0.6042553191489362,0.6517857142857143,0.6451612903225807,0.6609442060085836,0.6877470355731227,0.6550218340611355,0.6491228070175438,0.6581196581196581,0.6515837104072398,0.6589147286821705,0.6153846153846154,0.6502057613168725,0.7419354838709679,0.6639004149377593,0.6785714285714286,0.6071428571428571,0.6451612903225806,0.6542056074766355,0.6829268292682926,0.6634615384615384,0.6070038910505836,0.6406926406926408,0.6607142857142857,0.6,0.6775510204081634,0.6844444444444444,0.6694560669456067,0.653061224489796,0.656,0.6748971193415638,0.6437768240343349,0.6346153846153846,0.6431718061674008,0.7,0.6883720930232559,0.7044534412955464,0.7572815533980582,0.6638297872340426,0.6339285714285714,0.6932270916334661,0.6637931034482759,0.6325581395348838,0.680161943319838,0.6952789699570815,0.6893617021276595,0.6833333333333332,0.6556016597510375,0.7154471544715447,0.64,0.6743295019157088,0.6869565217391305,0.6416666666666666,0.608294930875576,0.5980392156862745,0.7031249999999999,0.6929824561403508,0.7193675889328063,0.6462882096069869,0.6375545851528385,0.5897435897435898,0.6608695652173914,0.6751054852320675,0.6641221374045801,0.6533864541832669,0.64,0.6778242677824268,0.6584362139917695,0.6974789915966387,0.6694214876033058,0.6964285714285714,0.6640625000000001,0.6493506493506493,0.6724137931034483,0.6890756302521008,0.6266094420600858,0.6637554585152838,0.6986899563318777,0.6869565217391305,0.6302521008403361,0.6356589147286822,0.6814159292035398,0.6161137440758293,0.6068376068376068,0.6228070175438597,0.7,0.7142857142857143,0.6530612244897959,0.5974025974025974,0.6806722689075629,0.7031963470319635,0.7142857142857143,0.6167400881057269,0.6422764227642277
cpp_mlcppue,0.5675675675675677,0.5882352941176471,0.6,0.6493506493506493,0.6582278481012659,0.5714285714285714,0.6097560975609756,0.6842105263157895,0.6341463414634148,0.5599999999999999,0.6419753086419754,0.6052631578947368,0.45454545454545453,0.6027397260273972,0.6666666666666667,0.6933333333333332,0.6585365853658537,0.6666666666666666,0.5866666666666667,0.5500000000000002,0.4931506849315069,0.5396825396825397,0.7012987012987013,0.6753246753246753,0.6923076923076923,0.6419753086419753,0.5714285714285715,0.6571428571428571,0.5128205128205128,0.6506024096385543,0.6352941176470588,0.6133333333333334,0.7000000000000001,0.537313432835821,0.6233766233766234,0.5428571428571427,0.5974025974025974,0.6265060240963856,0.6578947368421053,0.6352941176470589,0.6052631578947368,0.6315789473684211,0.711111111111111,0.65,0.717948717948718,0.746987951807229,0.6153846153846154,0.619718309859155,0.575,0.5,0.6352941176470588,0.5753424657534247,0.5671641791044776,0.6075949367088608,0.5945945945945945,0.5783132530120482,0.7142857142857143,0.6666666666666667,0.5396825396825397,0.738095238095238,0.6419753086419753,0.4776119402985074,0.5866666666666667,0.7058823529411765,0.6842105263157895,0.5476190476190477,0.6133333333333332,0.6,0.631578947368421,0.6823529411764706,0.6511627906976744,0.6913580246913581,0.6923076923076923,0.6097560975609757,0.6075949367088608,0.6436781609195402,0.7586206896551724,0.5977011494252873,0.6923076923076924,0.5866666666666667,0.5945945945945946,0.6329113924050633,0.6216216216216216,0.56,0.725,0.5714285714285715,0.6,0.7311827956989247,0.689655172413793,0.6486486486486487,0.47368421052631576,0.6666666666666667,0.6,0.64,0.7228915662650603,0.625,0.638888888888889,0.717948717948718,0.6666666666666667,0.5897435897435896
cpp_sanders,0.88,0.8846153846153846,0.8163265306122449,0.923076923076923,0.9056603773584906,0.8846153846153846,0.8627450980392156,0.8163265306122449,0.7659574468085107,0.8400000000000001,0.84,0.8400000000000001,0.7916666666666667,0.7659574468085107,0.9019607843137256,0.8799999999999999,0.8799999999999999,0.8163265306122449,0.88,0.8400000000000001,0.9056603773584906,0.88,0.8163265306122449,0.8627450980392156,0.8627450980392156,0.8571428571428572,0.8163265306122449,0.7659574468085107,0.8085106382978724,0.8571428571428571,0.923076923076923,0.8846153846153847,0.7916666666666666,0.7916666666666666,0.8846153846153847,0.8846153846153846,0.88,0.7916666666666666,0.7391304347826088,0.8750000000000001,0.8333333333333333,0.8163265306122449,0.8571428571428571,0.8846153846153846,0.923076923076923,0.8085106382978724,0.9433962264150945,0.9056603773584906,0.8163265306122449,0.7916666666666666,0.8571428571428572,0.9433962264150944,0.8333333333333334,0.8400000000000001,0.8627450980392156,0.9056603773584906,0.8571428571428571,0.8163265306122449,0.8163265306122449,0.7111111111111111,0.8627450980392156,0.8163265306122449,0.9019607843137256,0.8085106382978723,0.9259259259259259,0.88,0.9411764705882353,0.8333333333333333,0.8979591836734693,0.8163265306122449,0.8571428571428572,0.8163265306122449,0.8333333333333333,0.8163265306122449,0.9019607843137255,0.923076923076923,0.9056603773584906,0.7659574468085107,0.88,0.8846153846153846,0.9259259259259259,0.9019607843137256,0.7916666666666667,0.7659574468085107,0.8571428571428572,0.8846153846153846,0.9019607843137256,0.9019607843137256,0.7659574468085107,0.8333333333333333,0.782608695652174,0.9056603773584904,0.8627450980392156,0.8800000000000001,0.8400000000000001,0.8400000000000001,0.923076923076923,0.8333333333333333,0.8979591836734693,0.8627450980392156
hem_hemopi,0.8333333333333334,0.8761904761904761,0.849462365591398,0.8349514563106797,0.8374384236453202,0.8285714285714286,0.86,0.841025641025641,0.848780487804878,0.8080808080808081,0.8404255319148938,0.848780487804878,0.8613861386138614,0.8125,0.8155339805825242,0.8125,0.8333333333333334,0.8247422680412373,0.7999999999999999,0.8324324324324325,0.8955223880597015,0.8186528497409326,0.8380952380952381,0.8653846153846155,0.8181818181818182,0.8854166666666666,0.8148148148148148,0.8296943231441047,0.8421052631578948,0.8516746411483254,0.83248730964467,0.8383838383838385,0.8,0.8686868686868687,0.837696335078534,0.8372093023255814,0.7864077669902914,0.8526315789473683,0.8727272727272728,0.8968609865470851,0.8612440191387559,0.8663101604278075,0.8544600938967136,0.9056603773584906,0.852017937219731,0.839378238341969,0.8571428571428571,0.792079207920792,0.8358208955223881,0.8695652173913045,0.8333333333333334,0.888888888888889,0.8018867924528301,0.8787878787878787,0.8436018957345971,0.801980198019802,0.7835051546391751,0.8666666666666667,0.839622641509434,0.8761061946902655,0.8217821782178217,0.8516746411483254,0.8612440191387559,0.8173076923076923,0.8374384236453202,0.8191489361702128,0.8432432432432433,0.8374384236453202,0.8815165876777251,0.8530805687203792,0.8124999999999999,0.826530612244898,0.8653846153846154,0.797752808988764,0.8351648351648352,0.8878048780487805,0.883248730964467,0.8349514563106797,0.84375,0.8085106382978724,0.8490566037735849,0.8285714285714286,0.872549019607843,0.8269230769230769,0.8481675392670157,0.9116279069767442,0.8058252427184467,0.8826291079812206,0.8669950738916257,0.8542713567839195,0.8167539267015708,0.8571428571428571,0.8493150684931507,0.8453608247422681,0.8775510204081632,0.8556149732620321,0.8629441624365481,0.8866995073891625,0.8878923766816144,0.8557692307692306
effectorp,0.5,0.4927536231884058,0.5066666666666666,0.6000000000000001,0.48000000000000004,0.5185185185185185,0.5714285714285714,0.5084745762711863,0.4819277108433735,0.547945205479452,0.45283018867924524,0.5454545454545455,0.463768115942029,0.5507246376811595,0.6133333333333333,0.5862068965517241,0.39285714285714285,0.5806451612903226,0.5135135135135135,0.3934426229508197,0.5625000000000001,0.4444444444444444,0.41509433962264153,0.5294117647058824,0.4444444444444445,0.5806451612903226,0.5161290322580645,0.5423728813559322,0.4,0.4067796610169492,0.42857142857142855,0.49122807017543857,0.4827586206896552,0.4,0.46875,0.4444444444444445,0.5230769230769231,0.4482758620689655,0.5074626865671641,0.4482758620689655,0.5964912280701755,0.41025641025641024,0.42424242424242425,0.5,0.5217391304347827,0.4,0.4482758620689655,0.4333333333333333,0.4516129032258065,0.44,0.4193548387096775,0.4838709677419355,0.5,0.5384615384615384,0.39285714285714285,0.4166666666666667,0.4897959183673469,0.5675675675675675,0.5,0.5074626865671641,0.5757575757575758,0.5230769230769231,0.52,0.36619718309859156,0.4727272727272727,0.4722222222222222,0.5,0.45070422535211263,0.4923076923076923,0.36666666666666664,0.43636363636363634,0.5151515151515151,0.5283018867924528,0.4067796610169492,0.5806451612903226,0.47619047619047616,0.4074074074074074,0.4931506849315069,0.4375,0.375,0.5142857142857143,0.4999999999999999,0.47619047619047616,0.4761904761904762,0.5333333333333333,0.5538461538461538,0.631578947368421,0.48387096774193555,0.5454545454545455,0.48275862068965525,0.4590163934426229,0.4666666666666667,0.5294117647058824,0.41935483870967744,0.5263157894736842,0.4230769230769231,0.5205479452054794,0.55,0.4166666666666667,0.6060606060606061
toxinpred_swissprot,0.8102409638554217,0.770440251572327,0.8081395348837209,0.7864823348694316,0.7919876733436055,0.7516339869281045,0.7894736842105263,0.8018575851393188,0.752827140549273,0.7922705314009661,0.7822085889570551,0.8193146417445484,0.7899686520376175,0.7896341463414633,0.7687595712098009,0.8085808580858086,0.7873015873015874,0.7870370370370371,0.8056872037914692,0.8190184049079755,0.8036529680365297,0.7654723127035831,0.7947019867549668,0.8072837632776935,0.787037037037037,0.7772657450076806,0.8058252427184466,0.8134556574923547,0.7585034013605443,0.7909090909090909,0.7674418604651163,0.8132911392405062,0.7663865546218486,0.8050314465408807,0.8053892215568862,0.7826086956521738,0.7768313458262351,0.7881619937694704,0.8152866242038216,0.8089171974522293,0.7833065810593901,0.8172362555720654,0.7682926829268293,0.7945205479452054,0.7833065810593901,0.7646129541864138,0.7938671209540034,0.7824726134585289,0.7866242038216561,0.8012519561815337,0.8025889967637542,0.7942583732057416,0.8109756097560975,0.8139904610492846,0.7883211678832117,0.8056872037914693,0.7956656346749226,0.7993966817496229,0.7704402515723271,0.7987616099071208,0.7687188019966723,0.7797101449275361,0.8025682182985553,0.8031250000000001,0.7645161290322581,0.8049535603715171,0.804416403785489,0.7669421487603306,0.7598784194528876,0.789308176100629,0.7922705314009661,0.8103186646433991,0.7848484848484848,0.7806451612903227,0.7716535433070867,0.7819063004846528,0.8148148148148148,0.8191653786707883,0.7863501483679526,0.8089171974522293,0.8070692194403535,0.7993630573248407,0.8168168168168168,0.8088888888888889,0.7928994082840236,0.7897897897897898,0.7980613893376414,0.815625,0.7734627831715211,0.7805695142378559,0.7848932676518884,0.7713414634146343,0.807131280388979,0.7641509433962265,0.7819548872180452,0.7750759878419453,0.7961165048543688,0.8050713153724247,0.8055130168453293,0.8025889967637541
toxinpred_trembl,0.6529850746268656,0.6909090909090908,0.6897810218978103,0.6691312384473198,0.72,0.7054794520547946,0.6863084922010398,0.6534653465346534,0.7027914614121512,0.6856060606060607,0.6929674099485421,0.6866197183098591,0.7046263345195729,0.6798561151079138,0.7016949152542373,0.713793103448276,0.676470588235294,0.7106227106227105,0.6846846846846846,0.7020547945205479,0.7133105802047783,0.6880269814502529,0.6854130052724077,0.6909090909090909,0.7225130890052356,0.6911519198664442,0.6981818181818181,0.6890130353817506,0.6885245901639345,0.7289048473967684,0.7058823529411764,0.706081081081081,0.6588235294117647,0.6537102473498233,0.6990291262135923,0.6787658802177859,0.6964285714285715,0.638532110091743,0.6880570409982175,0.6724738675958187,0.6727605118829982,0.701168614357262,0.6839378238341968,0.7100371747211895,0.6788321167883211,0.6703499079189686,0.6972789115646258,0.7140319715808171,0.6862745098039216,0.6964285714285714,0.6630824372759856,0.7243243243243243,0.7095588235294117,0.6969696969696969,0.7216494845360825,0.704174228675136,0.6691042047531993,0.716636197440585,0.7084745762711865,0.7026086956521741,0.6968641114982579,0.7058823529411764,0.657314629258517,0.6880907372400756,0.6490299823633158,0.7184801381692574,0.6972789115646258,0.6766917293233082,0.7269681742043552,0.6915254237288136,0.700361010830325,0.6576271186440679,0.671304347826087,0.7084745762711865,0.6923076923076924,0.7313432835820896,0.6948853615520282,0.6896551724137931,0.7083333333333334,0.6748681898066784,0.7091222030981067,0.7262969588550984,0.6915584415584416,0.7044247787610619,0.6818181818181819,0.6789667896678967,0.667931688804554,0.7184466019417477,0.6495412844036698,0.6795096322241682,0.701208981001727,0.6931407942238268,0.659217877094972,0.687732342007435,0.6817325800376648,0.6666666666666666,0.6816608996539794,0.6839186691312384,0.6943005181347149,0.7269681742043552
toxinpred2,0.7475409836065574,0.736842105263158,0.7560137457044673,0.7474747474747474,0.7443365695792881,0.7246376811594202,0.7466666666666667,0.7301587301587302,0.73015873015873,0.7202797202797202,0.7030716723549487,0.7152777777777779,0.7304964539007093,0.6990291262135923,0.7388059701492536,0.740484429065744,0.7551020408163266,0.738562091503268,0.7285223367697594,0.7435897435897436,0.7581227436823105,0.7448275862068966,0.7733333333333334,0.7508532423208192,0.7079037800687284,0.6928571428571428,0.7342657342657342,0.7254237288135594,0.7697160883280758,0.7132867132867133,0.7345454545454546,0.7235494880546075,0.7361563517915309,0.6292134831460675,0.7567567567567567,0.7337662337662338,0.7539936102236422,0.7200000000000001,0.7567567567567568,0.7285223367697594,0.6868686868686869,0.7132352941176471,0.75,0.6615969581749049,0.7254901960784315,0.7474048442906573,0.7382550335570469,0.7315436241610739,0.7750865051903115,0.7137809187279152,0.6983050847457627,0.6714801444043321,0.685121107266436,0.734982332155477,0.6666666666666667,0.773972602739726,0.7523510971786833,0.7391304347826088,0.6620689655172414,0.7191780821917808,0.7465753424657535,0.7266666666666667,0.7659574468085107,0.7142857142857144,0.6969696969696969,0.732394366197183,0.7241379310344828,0.7152317880794702,0.7407407407407408,0.7030716723549487,0.7666666666666666,0.6847457627118644,0.7615894039735099,0.7142857142857143,0.7115384615384616,0.7340067340067341,0.7381703470031545,0.7138263665594856,0.7152317880794703,0.740484429065744,0.704225352112676,0.7317073170731708,0.7181208053691276,0.7067137809187278,0.7114093959731544,0.6236559139784946,0.6945337620578779,0.7038327526132404,0.7179487179487178,0.6943396226415094,0.7350993377483444,0.7375886524822696,0.7539936102236421,0.7397260273972602,0.7515923566878979,0.75625,0.6813186813186812,0.696551724137931,0.6776315789473685,0.7634069400630916
